0,0.0,22:30:39
1,0.5,22:30:41
2,0.3333333333333333,22:30:42
3,0.25,22:30:44
4,0.4,22:30:45
5,0.5,22:30:47
6,0.5714285714285714,22:30:48
7,0.5,22:30:50
8,0.4444444444444444,22:30:51
9,0.5,22:30:53
10,0.5454545454545454,22:30:55
11,0.5833333333333334,22:30:58
12,0.6153846153846154,22:31:00
13,0.6428571428571429,22:31:02
14,0.6666666666666666,22:31:04
15,0.6875,22:31:06
16,0.7058823529411765,22:31:08
17,0.7222222222222222,22:31:10
18,0.7368421052631579,22:31:11
19,0.75,22:31:13
20,0.7619047619047619,22:31:15
21,0.7727272727272727,22:31:17
22,0.7391304347826086,22:31:20
23,0.75,22:31:22
24,0.72,22:31:23
25,0.7307692307692307,22:31:25
26,0.7037037037037037,22:31:27
27,0.7142857142857143,22:31:29
28,0.6896551724137931,22:31:30
29,0.6666666666666666,22:31:32
30,0.6774193548387096,22:31:33
31,0.65625,22:31:36
32,0.6363636363636364,22:31:42
33,0.6176470588235294,22:31:44
34,0.6,22:31:46
35,0.6111111111111112,22:31:48
36,0.5945945945945946,22:31:50
37,0.6052631578947368,22:31:51
38,0.6153846153846154,22:31:53
39,0.6,22:31:54
40,0.6097560975609756,22:31:56
41,0.6190476190476191,22:31:57
42,0.627906976744186,22:31:59
43,0.6363636363636364,22:32:00
44,0.6444444444444445,22:32:02
45,0.6521739130434783,22:32:03
46,0.6595744680851063,22:32:05
47,0.6666666666666666,22:32:07
48,0.673469387755102,22:32:09
49,0.68,22:32:11
50,0.6666666666666666,22:32:12
51,0.6538461538461539,22:32:14
52,0.660377358490566,22:32:16
53,0.6666666666666666,22:32:17
54,0.6727272727272727,22:32:19
55,0.6785714285714286,22:32:21
56,0.6666666666666666,22:32:23
57,0.6551724137931034,22:32:24
58,0.6610169491525424,22:32:26
59,0.65,22:32:28
60,0.639344262295082,22:32:30
61,0.6290322580645161,22:32:32
62,0.6349206349206349,22:32:33
63,0.625,22:32:36
64,0.6307692307692307,22:32:37
65,0.6363636363636364,22:32:39
66,0.6268656716417911,22:32:41
67,0.6323529411764706,22:32:42
68,0.6231884057971014,22:32:44
69,0.6285714285714286,22:32:46
70,0.6197183098591549,22:32:48
71,0.625,22:32:50
72,0.6301369863013698,22:32:51
73,0.6351351351351351,22:32:53
74,0.64,22:32:55
75,0.6447368421052632,22:32:57
76,0.6363636363636364,22:32:59
77,0.6282051282051282,22:33:01
78,0.620253164556962,22:33:03
79,0.625,22:33:05
80,0.6172839506172839,22:33:07
81,0.6097560975609756,22:33:08
82,0.6144578313253012,22:33:10
83,0.6190476190476191,22:33:11
84,0.611764705882353,22:33:13
85,0.6046511627906976,22:33:15
86,0.5977011494252874,22:33:17
87,0.6022727272727273,22:33:19
88,0.5955056179775281,22:33:21
89,0.5888888888888889,22:33:22
90,0.5934065934065934,22:33:24
91,0.5978260869565217,22:33:25
92,0.6021505376344086,22:33:27
93,0.6063829787234043,22:33:28
94,0.6105263157894737,22:33:30
95,0.6145833333333334,22:33:32
96,0.6185567010309279,22:33:35
97,0.6224489795918368,22:33:36
98,0.6262626262626263,22:33:38
99,0.63,22:33:40
100,0.6336633663366337,22:33:42
101,0.6372549019607843,22:33:44
102,0.6310679611650486,22:33:45
103,0.6346153846153846,22:33:47
104,0.6285714285714286,22:33:50
105,0.6320754716981132,22:33:52
106,0.6355140186915887,22:33:54
107,0.6296296296296297,22:33:56
108,0.6238532110091743,22:33:57
109,0.6181818181818182,22:33:59
110,0.6216216216216216,22:34:00
111,0.625,22:34:03
112,0.6283185840707964,22:34:04
113,0.6228070175438597,22:34:06
114,0.6260869565217392,22:34:07
115,0.6293103448275862,22:34:09
116,0.6239316239316239,22:34:11
117,0.6271186440677966,22:34:13
118,0.6218487394957983,22:34:15
119,0.625,22:34:16
120,0.628099173553719,22:34:18
121,0.6311475409836066,22:34:21
122,0.6341463414634146,22:34:22
123,0.6370967741935484,22:34:24
124,0.64,22:34:27
125,0.6349206349206349,22:34:28
126,0.6377952755905512,22:34:30
127,0.6328125,22:34:32
128,0.6356589147286822,22:34:33
129,0.6307692307692307,22:34:36
130,0.6259541984732825,22:34:37
131,0.6212121212121212,22:34:39
132,0.6165413533834586,22:34:41
133,0.6194029850746269,22:34:43
134,0.6222222222222222,22:34:45
135,0.625,22:34:46
136,0.6277372262773723,22:34:48
137,0.6231884057971014,22:34:50
138,0.6258992805755396,22:34:52
139,0.6285714285714286,22:34:53
140,0.624113475177305,22:34:55
141,0.6267605633802817,22:34:57
142,0.6293706293706294,22:34:59
143,0.6319444444444444,22:35:01
144,0.6344827586206897,22:35:03
145,0.636986301369863,22:35:04
146,0.6394557823129252,22:35:06
147,0.6418918918918919,22:35:07
148,0.6442953020134228,22:35:09
149,0.64,22:35:11
150,0.6423841059602649,22:35:13
151,0.6447368421052632,22:35:14
152,0.6470588235294118,22:35:17
153,0.6493506493506493,22:35:18
154,0.6516129032258065,22:35:20
155,0.6538461538461539,22:35:22
156,0.6496815286624203,22:35:24
157,0.6518987341772152,22:35:25
158,0.6540880503144654,22:35:27
159,0.65,22:35:29
160,0.6521739130434783,22:35:31
161,0.6481481481481481,22:35:33
162,0.6503067484662577,22:35:35
163,0.6524390243902439,22:35:36
164,0.6545454545454545,22:35:38
165,0.6566265060240963,22:35:40
166,0.6526946107784432,22:35:41
167,0.6488095238095238,22:35:42
168,0.6449704142011834,22:35:44
169,0.6411764705882353,22:35:46
170,0.6374269005847953,22:35:47
171,0.6395348837209303,22:35:50
172,0.6358381502890174,22:35:52
173,0.632183908045977,22:35:55
174,0.6342857142857142,22:35:56
175,0.6363636363636364,22:35:58
176,0.632768361581921,22:35:59
177,0.6348314606741573,22:36:01
178,0.6368715083798883,22:36:03
179,0.6333333333333333,22:36:04
180,0.6353591160220995,22:36:06
181,0.6373626373626373,22:36:08
182,0.639344262295082,22:36:11
183,0.6413043478260869,22:36:13
184,0.6432432432432432,22:36:15
185,0.6397849462365591,22:36:16
186,0.6363636363636364,22:36:19
187,0.6329787234042553,22:36:21
188,0.6349206349206349,22:36:22
189,0.6368421052631579,22:36:24
190,0.6387434554973822,22:36:26
191,0.640625,22:36:27
192,0.6424870466321243,22:36:29
193,0.6391752577319587,22:36:31
194,0.6410256410256411,22:36:33
195,0.6428571428571429,22:36:34
196,0.6395939086294417,22:36:35
197,0.6363636363636364,22:36:38
198,0.6381909547738693,22:36:40
199,0.64,22:36:42
200,0.6417910447761194,22:36:44
201,0.6435643564356436,22:36:46
202,0.6403940886699507,22:36:48
203,0.6372549019607843,22:36:50
204,0.6341463414634146,22:36:52
205,0.6310679611650486,22:36:55
206,0.6328502415458938,22:36:56
207,0.6346153846153846,22:36:58
208,0.6363636363636364,22:37:00
209,0.638095238095238,22:37:02
210,0.6350710900473934,22:37:04
211,0.6320754716981132,22:37:05
212,0.6291079812206573,22:37:07
213,0.6261682242990654,22:37:09
214,0.627906976744186,22:37:11
215,0.625,22:37:14
216,0.6267281105990783,22:37:15
217,0.6284403669724771,22:37:17
218,0.6301369863013698,22:37:19
219,0.6272727272727273,22:37:22
220,0.6244343891402715,22:37:24
221,0.6261261261261262,22:37:26
222,0.6278026905829597,22:37:28
223,0.625,22:37:30
224,0.6222222222222222,22:37:32
225,0.6238938053097345,22:37:35
226,0.6211453744493393,22:37:37
227,0.6228070175438597,22:37:38
228,0.6200873362445415,22:37:40
229,0.6173913043478261,22:37:42
230,0.6190476190476191,22:37:43
231,0.6206896551724138,22:37:45
232,0.6223175965665236,22:37:47
233,0.6239316239316239,22:37:49
234,0.6212765957446809,22:37:51
235,0.6228813559322034,22:37:53
236,0.620253164556962,22:37:54
237,0.6176470588235294,22:37:56
238,0.6150627615062761,22:37:57
239,0.6166666666666667,22:37:59
240,0.6182572614107884,22:38:00
241,0.6198347107438017,22:38:02
242,0.6213991769547325,22:38:05
243,0.6188524590163934,22:38:07
244,0.6204081632653061,22:38:08
245,0.6219512195121951,22:38:11
246,0.6234817813765182,22:38:13
247,0.625,22:38:15
248,0.6265060240963856,22:38:18
249,0.624,22:38:19
250,0.6254980079681275,22:38:21
251,0.626984126984127,22:38:22
252,0.6284584980237155,22:38:23
253,0.6259842519685039,22:38:25
254,0.6274509803921569,22:38:27
255,0.625,22:38:29
256,0.6264591439688716,22:38:31
257,0.627906976744186,22:38:32
258,0.6254826254826255,22:38:34
259,0.6269230769230769,22:38:36
260,0.6283524904214559,22:38:38
261,0.6259541984732825,22:38:39
262,0.6273764258555133,22:38:42
263,0.6287878787878788,22:38:44
264,0.6264150943396226,22:38:46
265,0.6240601503759399,22:38:48
266,0.6254681647940075,22:38:50
267,0.6268656716417911,22:38:52
268,0.6282527881040892,22:38:54
269,0.6296296296296297,22:38:56
270,0.6309963099630996,22:38:58
271,0.6286764705882353,22:38:59
272,0.63003663003663,22:39:02
273,0.6313868613138686,22:39:03
274,0.6327272727272727,22:39:06
275,0.6304347826086957,22:39:07
276,0.628158844765343,22:39:09
277,0.6258992805755396,22:39:12
278,0.6236559139784946,22:39:15
279,0.625,22:39:18
280,0.6263345195729537,22:39:19
281,0.6276595744680851,22:39:21
282,0.6289752650176679,22:39:24
283,0.6302816901408451,22:39:26
284,0.6280701754385964,22:39:28
285,0.6293706293706294,22:39:30
286,0.6306620209059234,22:39:32
287,0.6319444444444444,22:39:33
288,0.6332179930795848,22:39:36
289,0.6344827586206897,22:39:38
290,0.6357388316151202,22:39:41
291,0.6335616438356164,22:39:43
292,0.6348122866894198,22:39:45
293,0.6360544217687075,22:39:47
294,0.6372881355932203,22:39:50
295,0.6385135135135135,22:39:52
296,0.6397306397306397,22:39:54
297,0.6375838926174496,22:39:55
298,0.6387959866220736,22:39:57
299,0.64,22:40:00
300,0.6411960132890365,22:40:02
301,0.6423841059602649,22:40:04
302,0.6402640264026402,22:40:06
303,0.6381578947368421,22:40:08
304,0.639344262295082,22:40:10
305,0.6405228758169934,22:40:12
306,0.6384364820846905,22:40:14
307,0.6396103896103896,22:40:16
308,0.6407766990291263,22:40:18
309,0.6387096774193548,22:40:21
310,0.639871382636656,22:40:24
311,0.6378205128205128,22:40:26
312,0.6389776357827476,22:40:28
313,0.6401273885350318,22:40:30
314,0.6412698412698413,22:40:32
315,0.6424050632911392,22:40:35
316,0.6435331230283912,22:40:37
317,0.6415094339622641,22:40:40
318,0.6426332288401254,22:40:43
319,0.64375,22:40:45
320,0.6417445482866043,22:40:47
321,0.6428571428571429,22:40:50
322,0.6408668730650154,22:40:52
323,0.6388888888888888,22:40:53
324,0.64,22:40:55
325,0.6411042944785276,22:40:58
326,0.6422018348623854,22:40:59
327,0.6432926829268293,22:41:01
328,0.6443768996960486,22:41:03
329,0.6424242424242425,22:41:05
330,0.6435045317220544,22:41:07
331,0.6445783132530121,22:41:09
332,0.6426426426426426,22:41:11
333,0.6407185628742516,22:41:13
334,0.6417910447761194,22:41:15
335,0.6398809523809523,22:41:16
336,0.6409495548961425,22:41:18
337,0.6420118343195266,22:41:20
338,0.6430678466076696,22:41:21
339,0.6411764705882353,22:41:23
340,0.6422287390029325,22:41:25
341,0.6432748538011696,22:41:28
342,0.6443148688046647,22:41:31
343,0.6424418604651163,22:41:33
344,0.6434782608695652,22:41:36
345,0.6416184971098265,22:41:37
346,0.6426512968299711,22:41:39
347,0.6408045977011494,22:41:41
348,0.6389684813753582,22:41:44
349,0.64,22:41:45
350,0.6381766381766382,22:41:47
351,0.6392045454545454,22:41:49
352,0.6402266288951841,22:41:51
353,0.6384180790960452,22:41:53
354,0.6394366197183099,22:41:56
355,0.6404494382022472,22:41:59
356,0.6386554621848739,22:42:00
357,0.6396648044692738,22:42:02
358,0.6406685236768802,22:42:04
359,0.6416666666666667,22:42:06
360,0.6426592797783933,22:42:08
361,0.643646408839779,22:42:10
362,0.6418732782369146,22:42:11
363,0.6401098901098901,22:42:13
364,0.6410958904109589,22:42:15
365,0.6420765027322405,22:42:17
366,0.6403269754768393,22:42:18
367,0.6385869565217391,22:42:20
368,0.6368563685636857,22:42:22
369,0.6351351351351351,22:42:23
370,0.6361185983827493,22:42:25
371,0.6370967741935484,22:42:27
372,0.6380697050938338,22:42:30
373,0.6363636363636364,22:42:31
374,0.6373333333333333,22:42:33
375,0.6382978723404256,22:42:36
376,0.636604774535809,22:42:37
377,0.6349206349206349,22:42:38
378,0.633245382585752,22:42:40
379,0.6342105263157894,22:42:41
380,0.6351706036745407,22:42:43
381,0.6335078534031413,22:42:45
382,0.6318537859007833,22:42:46
383,0.6328125,22:42:48
384,0.6311688311688312,22:42:50
385,0.6321243523316062,22:42:52
386,0.6330749354005168,22:42:54
387,0.634020618556701,22:42:57
388,0.6323907455012854,22:42:59
389,0.6333333333333333,22:43:01
390,0.6342710997442456,22:43:03
391,0.6352040816326531,22:43:06
392,0.6361323155216285,22:43:08
393,0.6345177664974619,22:43:10
394,0.6354430379746835,22:43:11
395,0.6363636363636364,22:43:13
396,0.6372795969773299,22:43:16
397,0.635678391959799,22:43:18
398,0.6340852130325815,22:43:20
399,0.6325,22:43:22
400,0.6309226932668329,22:43:24
401,0.6318407960199005,22:43:27
402,0.630272952853598,22:43:30
403,0.6311881188118812,22:43:32
404,0.6320987654320988,22:43:35
405,0.6305418719211823,22:43:37
406,0.628992628992629,22:43:39
407,0.6274509803921569,22:43:41
408,0.6259168704156479,22:43:43
409,0.6268292682926829,22:43:46
410,0.6253041362530414,22:43:47
411,0.6262135922330098,22:43:49
412,0.6271186440677966,22:43:50
413,0.6256038647342995,22:43:52
414,0.6240963855421687,22:43:54
415,0.6225961538461539,22:43:56
416,0.6235011990407674,22:43:57
417,0.6244019138755981,22:44:00
418,0.6252983293556086,22:44:02
419,0.6261904761904762,22:44:04
420,0.6247030878859857,22:44:06
421,0.6255924170616114,22:44:08
422,0.6264775413711584,22:44:09
423,0.6273584905660378,22:44:11
424,0.6258823529411764,22:44:14
425,0.6267605633802817,22:44:17
426,0.6252927400468384,22:44:18
427,0.6261682242990654,22:44:20
428,0.627039627039627,22:44:23
429,0.6255813953488372,22:44:24
430,0.6241299303944315,22:44:26
431,0.6226851851851852,22:44:29
432,0.6212471131639723,22:44:31
433,0.6221198156682027,22:44:32
434,0.6206896551724138,22:44:34
435,0.6192660550458715,22:44:36
436,0.6178489702517163,22:44:39
437,0.6187214611872146,22:44:40
438,0.6195899772209568,22:44:43
439,0.6181818181818182,22:44:46
440,0.6190476190476191,22:44:48
441,0.6199095022624435,22:44:50
442,0.6207674943566591,22:44:52
443,0.6216216216216216,22:44:55
444,0.6202247191011236,22:44:56
445,0.6210762331838565,22:44:59
446,0.6196868008948546,22:45:01
447,0.6205357142857143,22:45:03
448,0.6191536748329621,22:45:05
449,0.6177777777777778,22:45:07
450,0.6164079822616408,22:45:09
451,0.6172566371681416,22:45:11
452,0.6158940397350994,22:45:13
453,0.6145374449339207,22:45:14
454,0.6153846153846154,22:45:17
455,0.6162280701754386,22:45:19
456,0.6148796498905909,22:45:21
457,0.6135371179039302,22:45:24
458,0.6143790849673203,22:45:26
459,0.6152173913043478,22:45:28
460,0.6160520607375272,22:45:31
461,0.6168831168831169,22:45:32
462,0.6177105831533477,22:45:35
463,0.6163793103448276,22:45:38
464,0.6150537634408603,22:45:40
465,0.6158798283261803,22:45:42
466,0.6167023554603854,22:45:43
467,0.6153846153846154,22:45:47
468,0.6140724946695096,22:45:49
469,0.6148936170212767,22:45:51
470,0.6157112526539278,22:45:53
471,0.6165254237288136,22:45:55
472,0.6152219873150105,22:45:57
473,0.6160337552742616,22:45:59
474,0.6168421052631579,22:46:01
475,0.615546218487395,22:46:03
476,0.6142557651991615,22:46:06
477,0.6150627615062761,22:46:08
478,0.6137787056367432,22:46:11
479,0.6125,22:46:13
480,0.6112266112266113,22:46:14
481,0.6120331950207469,22:46:18
482,0.6128364389233955,22:46:20
483,0.6115702479338843,22:46:22
484,0.6123711340206186,22:46:24
485,0.6131687242798354,22:46:26
486,0.6139630390143738,22:46:28
487,0.6147540983606558,22:46:31
488,0.6155419222903885,22:46:34
489,0.6163265306122448,22:46:36
490,0.6171079429735234,22:46:39
491,0.6178861788617886,22:46:41
492,0.6186612576064908,22:46:44
493,0.6194331983805668,22:46:46
494,0.6181818181818182,22:46:49
495,0.6169354838709677,22:46:50
496,0.6177062374245473,22:46:54
497,0.6184738955823293,22:46:57
498,0.6192384769539078,22:47:00
499,0.62,22:47:02
500,0.6207584830339321,22:47:05
501,0.6215139442231076,22:47:07
502,0.6222664015904572,22:47:10
503,0.623015873015873,22:47:12
504,0.6237623762376238,22:47:14
505,0.6245059288537549,22:47:17
506,0.6252465483234714,22:47:19
507,0.6259842519685039,22:47:21
508,0.6267190569744597,22:47:24
509,0.6274509803921569,22:47:27
510,0.6262230919765166,22:47:29
511,0.626953125,22:47:31
512,0.6257309941520468,22:47:33
513,0.6264591439688716,22:47:35
514,0.625242718446602,22:47:37
515,0.624031007751938,22:47:39
516,0.6247582205029013,22:47:41
517,0.6254826254826255,22:47:44
518,0.626204238921002,22:47:46
519,0.625,22:47:48
520,0.6257197696737045,22:47:50
521,0.6264367816091954,22:47:52
522,0.627151051625239,22:47:54
523,0.6259541984732825,22:47:56
524,0.6266666666666667,22:47:57
525,0.6273764258555133,22:48:00
526,0.6261859582542695,22:48:02
527,0.6268939393939394,22:48:05
528,0.6275992438563327,22:48:08
529,0.6283018867924528,22:48:10
530,0.6290018832391714,22:48:12
531,0.6296992481203008,22:48:14
532,0.6285178236397748,22:48:16
533,0.6273408239700374,22:48:18
534,0.6280373831775701,22:48:20
535,0.628731343283582,22:48:22
536,0.6294227188081937,22:48:25
537,0.6301115241635687,22:48:27
538,0.6307977736549165,22:48:29
539,0.6314814814814815,22:48:32
540,0.6321626617375231,22:48:35
541,0.6309963099630996,22:48:37
542,0.6316758747697975,22:48:39
543,0.6323529411764706,22:48:41
544,0.6330275229357798,22:48:43
545,0.6336996336996337,22:48:45
546,0.6343692870201096,22:48:48
547,0.6332116788321168,22:48:51
548,0.6338797814207651,22:48:54
549,0.6327272727272727,22:48:56
550,0.6333938294010889,22:48:59
551,0.6340579710144928,22:49:02
552,0.6329113924050633,22:49:05
553,0.6335740072202166,22:49:07
554,0.6324324324324324,22:49:09
555,0.6312949640287769,22:49:13
556,0.6319569120287253,22:49:16
557,0.6326164874551972,22:49:20
558,0.6332737030411449,22:49:22
559,0.6339285714285714,22:49:25
560,0.6345811051693404,22:49:27
561,0.6334519572953736,22:49:30
562,0.6341030195381883,22:49:33
563,0.6347517730496454,22:49:35
564,0.6353982300884956,22:49:38
565,0.6360424028268551,22:49:40
566,0.63668430335097,22:49:43
567,0.6355633802816901,22:49:45
568,0.6362038664323374,22:49:48
569,0.6350877192982456,22:49:51
570,0.6339754816112084,22:49:54
571,0.6346153846153846,22:49:57
572,0.6352530541012217,22:50:00
573,0.6358885017421603,22:50:03
574,0.6347826086956522,22:50:06
575,0.6354166666666666,22:50:09
576,0.6360485268630849,22:50:12
577,0.6366782006920415,22:50:14
578,0.6373056994818653,22:50:17
579,0.6379310344827587,22:50:20
580,0.6385542168674698,22:50:22
581,0.6391752577319587,22:50:25
582,0.6380789022298456,22:50:27
583,0.636986301369863,22:50:30
584,0.6358974358974359,22:50:32
585,0.636518771331058,22:50:35
586,0.6354344122657581,22:50:38
587,0.6343537414965986,22:50:41
588,0.634974533106961,22:50:44
589,0.6338983050847458,22:50:46
590,0.6345177664974619,22:50:48
591,0.6351351351351351,22:50:51
592,0.6357504215851602,22:50:53
593,0.6346801346801347,22:50:56
594,0.6352941176470588,22:50:58
595,0.6359060402684564,22:51:01
596,0.6365159128978225,22:51:04
597,0.6354515050167224,22:51:06
598,0.6360601001669449,22:51:09
599,0.6366666666666667,22:51:11
600,0.6372712146422629,22:51:13
601,0.6378737541528239,22:51:16
602,0.6368159203980099,22:51:18
603,0.6374172185430463,22:51:19
604,0.6380165289256199,22:51:22
605,0.6386138613861386,22:51:25
606,0.6392092257001647,22:51:27
607,0.6398026315789473,22:51:29
608,0.6403940886699507,22:51:31
609,0.6409836065573771,22:51:34
610,0.6415711947626841,22:51:37
611,0.6421568627450981,22:51:40
612,0.6427406199021207,22:51:42
613,0.6433224755700325,22:51:45
614,0.6422764227642277,22:51:47
615,0.6412337662337663,22:51:49
616,0.640194489465154,22:51:52
617,0.6407766990291263,22:51:54
618,0.6413570274636511,22:51:56
619,0.6419354838709678,22:51:58
620,0.642512077294686,22:52:02
621,0.6430868167202572,22:52:05
622,0.6436597110754414,22:52:08
623,0.6442307692307693,22:52:11
624,0.6448,22:52:14
625,0.645367412140575,22:52:16
626,0.6443381180223285,22:52:18
627,0.643312101910828,22:52:21
628,0.643879173290938,22:52:23
629,0.6444444444444445,22:52:26
630,0.6434231378763867,22:52:28
631,0.6439873417721519,22:52:30
632,0.6445497630331753,22:52:33
633,0.6451104100946372,22:52:35
634,0.6456692913385826,22:52:38
635,0.6462264150943396,22:52:41
636,0.6467817896389325,22:52:45
637,0.6473354231974922,22:52:49
638,0.647887323943662,22:52:51
639,0.646875,22:52:53
640,0.6474258970358814,22:52:57
641,0.6479750778816199,22:52:59
642,0.6469673405909798,22:53:01
643,0.6459627329192547,22:53:04
644,0.6449612403100775,22:53:07
645,0.6439628482972136,22:53:10
646,0.6445131375579598,22:53:12
647,0.6450617283950617,22:53:15
648,0.6456086286594761,22:53:17
649,0.6461538461538462,22:53:20
650,0.6451612903225806,22:53:22
651,0.6457055214723927,22:53:25
652,0.6447166921898928,22:53:28
653,0.6452599388379205,22:53:30
654,0.6442748091603053,22:53:32
655,0.6448170731707317,22:53:35
656,0.6438356164383562,22:53:38
657,0.6428571428571429,22:53:40
658,0.6433990895295902,22:53:43
659,0.6439393939393939,22:53:46
660,0.642965204236006,22:53:47
661,0.6435045317220544,22:53:50
662,0.6425339366515838,22:53:52
663,0.641566265060241,22:53:55
664,0.6421052631578947,22:53:58
665,0.6426426426426426,22:54:00
666,0.6431784107946027,22:54:03
667,0.6437125748502994,22:54:05
668,0.6427503736920778,22:54:08
669,0.6417910447761194,22:54:10
670,0.6423248882265276,22:54:13
671,0.6413690476190477,22:54:15
672,0.6404160475482912,22:54:18
673,0.6409495548961425,22:54:20
674,0.6414814814814814,22:54:24
675,0.6420118343195266,22:54:27
676,0.6425406203840472,22:54:29
677,0.6430678466076696,22:54:33
678,0.6421207658321061,22:54:35
679,0.6426470588235295,22:54:39
680,0.6417033773861968,22:54:42
681,0.6422287390029325,22:54:44
682,0.6427525622254758,22:54:47
683,0.6432748538011696,22:54:49
684,0.6437956204379562,22:54:52
685,0.6443148688046647,22:54:55
686,0.6448326055312955,22:54:57
687,0.6453488372093024,22:55:01
688,0.6458635703918723,22:55:04
689,0.6463768115942029,22:55:06
690,0.6468885672937771,22:55:08
691,0.6459537572254336,22:55:11
692,0.6464646464646465,22:55:13
693,0.6469740634005764,22:55:15
694,0.6474820143884892,22:55:18
695,0.6479885057471264,22:55:21
696,0.6470588235294118,22:55:23
697,0.6475644699140402,22:55:27
698,0.6466380543633763,22:55:29
699,0.6457142857142857,22:55:32
700,0.644793152639087,22:55:34
701,0.6452991452991453,22:55:37
702,0.6458036984352774,22:55:40
703,0.6448863636363636,22:55:44
704,0.6439716312056738,22:55:47
705,0.6444759206798867,22:55:51
706,0.6435643564356436,22:55:54
707,0.6440677966101694,22:55:56
708,0.6431593794076164,22:55:59
709,0.6422535211267606,22:56:01
710,0.6413502109704642,22:56:04
711,0.6404494382022472,22:56:07
712,0.6395511921458625,22:56:10
713,0.6400560224089635,22:56:12
714,0.6405594405594406,22:56:15
715,0.6396648044692738,22:56:18
716,0.6401673640167364,22:56:20
717,0.6392757660167131,22:56:23
718,0.6397774687065368,22:56:26
719,0.6388888888888888,22:56:28
720,0.6393897364771152,22:56:30
721,0.6385041551246537,22:56:33
722,0.6376210235131397,22:56:36
723,0.638121546961326,22:56:39
724,0.6386206896551724,22:56:42
725,0.6377410468319559,22:56:44
726,0.6368638239339752,22:56:47
727,0.6373626373626373,22:56:49
728,0.6378600823045267,22:56:52
729,0.6383561643835617,22:56:54
730,0.6374829001367989,22:56:57
731,0.6379781420765027,22:56:59
732,0.6384720327421555,22:57:01
733,0.6376021798365122,22:57:04
734,0.636734693877551,22:57:06
735,0.6372282608695652,22:57:09
736,0.6377204884667571,22:57:11
737,0.6382113821138211,22:57:14
738,0.638700947225981,22:57:17
739,0.6391891891891892,22:57:19
740,0.6383265856950068,22:57:22
741,0.6388140161725068,22:57:25
742,0.6379542395693136,22:57:28
743,0.6384408602150538,22:57:30
744,0.6389261744966444,22:57:34
745,0.6394101876675603,22:57:38
746,0.6385542168674698,22:57:40
747,0.6390374331550802,22:57:42
748,0.6381842456608812,22:57:44
749,0.6386666666666667,22:57:47
750,0.6378162450066578,22:57:49
751,0.6382978723404256,22:57:51
752,0.6374501992031872,22:57:54
753,0.6379310344827587,22:57:56
754,0.6384105960264901,22:57:59
755,0.6375661375661376,22:58:03
756,0.6380449141347424,22:58:06
757,0.6385224274406333,22:58:08
758,0.6389986824769434,22:58:10
759,0.6394736842105263,22:58:12
760,0.6399474375821288,22:58:16
761,0.6404199475065617,22:58:19
762,0.6395806028833552,22:58:21
763,0.6387434554973822,22:58:24
764,0.6379084967320261,22:58:27
765,0.6383812010443864,22:58:31
766,0.6388526727509778,22:58:33
767,0.6380208333333334,22:58:36
768,0.6371911573472041,22:58:39
769,0.6376623376623377,22:58:41
770,0.6381322957198443,22:58:43
771,0.6386010362694301,22:58:46
772,0.6390685640362225,22:58:50
773,0.6395348837209303,22:58:52
774,0.64,22:58:55
775,0.6391752577319587,22:58:57
776,0.6383526383526383,22:59:00
777,0.6388174807197944,22:59:03
778,0.6392811296534018,22:59:06
779,0.6384615384615384,22:59:09
780,0.6376440460947503,22:59:13
781,0.6368286445012787,22:59:16
782,0.6360153256704981,22:59:18
783,0.6364795918367347,22:59:21
784,0.6356687898089172,22:59:23
785,0.6361323155216285,22:59:25
786,0.636594663278272,22:59:28
787,0.6357868020304569,22:59:32
788,0.6349809885931559,22:59:35
789,0.6341772151898735,22:59:36
790,0.6346396965865992,22:59:39
791,0.63510101010101,22:59:42
792,0.6355611601513241,22:59:47
793,0.6360201511335013,22:59:49
794,0.6364779874213836,22:59:52
795,0.635678391959799,22:59:54
796,0.6361355081555834,22:59:57
797,0.6353383458646616,22:59:59
798,0.6345431789737171,23:00:02
799,0.63375,23:00:05
800,0.6329588014981273,23:00:07
801,0.6334164588528678,23:00:09
802,0.6338729763387297,23:00:11
803,0.6343283582089553,23:00:15
804,0.6347826086956522,23:00:18
805,0.6352357320099256,23:00:21
806,0.6344485749690211,23:00:24
807,0.6336633663366337,23:00:27
808,0.6341161928306551,23:00:31
809,0.6345679012345679,23:00:34
810,0.6337854500616523,23:00:37
811,0.6330049261083743,23:00:39
812,0.6334563345633456,23:00:42
813,0.6326781326781327,23:00:45
814,0.6331288343558282,23:00:48
815,0.633578431372549,23:00:52
816,0.6340269277845777,23:00:56
817,0.6344743276283619,23:00:59
818,0.6336996336996337,23:01:02
819,0.6341463414634146,23:01:04
820,0.6345919610231425,23:01:07
821,0.6338199513381995,23:01:09
822,0.6342648845686513,23:01:12
823,0.633495145631068,23:01:15
824,0.6339393939393939,23:01:17
825,0.6331719128329297,23:01:20
826,0.6336154776299879,23:01:22
827,0.6340579710144928,23:01:26
828,0.6344993968636912,23:01:28
829,0.6349397590361445,23:01:31
830,0.6341756919374247,23:01:33
831,0.6346153846153846,23:01:35
832,0.6350540216086434,23:01:38
833,0.6354916067146283,23:01:41
834,0.6359281437125749,23:01:44
835,0.6363636363636364,23:01:46
836,0.6356033452807647,23:01:49
837,0.636038186157518,23:01:52
838,0.636471990464839,23:01:56
839,0.6369047619047619,23:01:58
840,0.6373365041617123,23:02:01
841,0.6377672209026128,23:02:05
842,0.638196915776987,23:02:10
843,0.6374407582938388,23:02:13
844,0.6378698224852071,23:02:16
845,0.6382978723404256,23:02:18
846,0.6387249114521841,23:02:22
847,0.6391509433962265,23:02:24
848,0.6395759717314488,23:02:27
849,0.64,23:02:29
850,0.6404230317273796,23:02:32
851,0.6396713615023474,23:02:35
852,0.6389214536928488,23:02:38
853,0.6381733021077284,23:02:41
854,0.6385964912280702,23:02:44
855,0.639018691588785,23:02:47
856,0.6394399066511085,23:02:51
857,0.6386946386946387,23:02:54
858,0.6379511059371362,23:02:57
859,0.6372093023255814,23:03:00
860,0.6376306620209059,23:03:03
861,0.6380510440835266,23:03:06
862,0.6384704519119351,23:03:10
863,0.6388888888888888,23:03:13
864,0.638150289017341,23:03:16
865,0.6385681293302541,23:03:19
866,0.6389850057670127,23:03:21
867,0.6394009216589862,23:03:24
868,0.6398158803222095,23:03:27
869,0.6402298850574712,23:03:29
870,0.6406429391504018,23:03:32
871,0.6410550458715596,23:03:34
872,0.6414662084765178,23:03:38
873,0.6418764302059496,23:03:40
874,0.6422857142857142,23:03:43
875,0.6426940639269406,23:03:45
876,0.6431014823261118,23:03:47
877,0.643507972665148,23:03:51
878,0.6427758816837316,23:03:54
879,0.6420454545454546,23:03:56
880,0.641316685584563,23:04:00
881,0.6405895691609977,23:04:02
882,0.6409966024915063,23:04:05
883,0.6414027149321267,23:04:09
884,0.6418079096045197,23:04:11
885,0.6410835214446953,23:04:15
886,0.6403607666290868,23:04:17
887,0.6407657657657657,23:04:20
888,0.641169853768279,23:04:22
889,0.6404494382022472,23:04:24
890,0.6408529741863075,23:04:28
891,0.6412556053811659,23:04:30
892,0.6416573348264277,23:04:33
893,0.6409395973154363,23:04:35
894,0.6402234636871509,23:04:37
895,0.640625,23:04:40
896,0.6410256410256411,23:04:43
897,0.6403118040089086,23:04:44
898,0.639599555061179,23:04:47
899,0.6388888888888888,23:04:50
900,0.6381798002219756,23:04:53
901,0.6385809312638581,23:04:55
902,0.6378737541528239,23:04:59
903,0.6382743362831859,23:05:03
904,0.6386740331491713,23:05:06
905,0.6379690949227373,23:05:08
906,0.6383682469680264,23:05:10
907,0.6387665198237885,23:05:13
908,0.6391639163916392,23:05:16
909,0.6395604395604395,23:05:19
910,0.6399560922063666,23:05:22
911,0.6403508771929824,23:05:24
912,0.6407447973713034,23:05:27
913,0.6400437636761488,23:05:30
914,0.639344262295082,23:05:32
915,0.638646288209607,23:05:34
916,0.6379498364231189,23:05:38
917,0.6372549019607843,23:05:40
918,0.6365614798694232,23:05:42
919,0.6369565217391304,23:05:44
920,0.6362649294245385,23:05:48
921,0.6366594360086768,23:05:52
922,0.6359696641386782,23:05:55
923,0.6352813852813853,23:05:59
924,0.6356756756756756,23:06:02
925,0.6360691144708424,23:06:05
926,0.6364617044228694,23:06:09
927,0.6357758620689655,23:06:12
928,0.6361679224973089,23:06:15
929,0.6365591397849463,23:06:19
930,0.6369495166487648,23:06:22
931,0.6362660944206009,23:06:25
932,0.6366559485530546,23:06:28
933,0.6359743040685225,23:06:30
934,0.6363636363636364,23:06:33
935,0.6356837606837606,23:06:35
936,0.6350053361792957,23:06:38
937,0.6353944562899787,23:06:42
938,0.6347177848775293,23:06:44
939,0.6351063829787233,23:06:47
940,0.6354941551540914,23:06:51
941,0.6348195329087049,23:06:54
942,0.6341463414634146,23:06:59
943,0.6345338983050848,23:07:01
944,0.6349206349206349,23:07:04
945,0.635306553911205,23:07:07
946,0.6356916578669483,23:07:11
947,0.6360759493670886,23:07:14
948,0.6364594309799789,23:07:18
949,0.6368421052631579,23:07:22
950,0.637223974763407,23:07:25
951,0.6376050420168067,23:07:28
952,0.6369359916054564,23:07:30
953,0.6362683438155137,23:07:33
954,0.6366492146596858,23:07:35
955,0.6359832635983264,23:07:37
956,0.6363636363636364,23:07:40
957,0.6367432150313153,23:07:43
958,0.6371220020855057,23:07:45
959,0.6364583333333333,23:07:49
960,0.63579604578564,23:07:52
961,0.6361746361746362,23:07:55
962,0.6365524402907581,23:07:58
963,0.6369294605809128,23:08:00
964,0.6362694300518135,23:08:03
965,0.6356107660455487,23:08:05
966,0.6349534643226473,23:08:08
967,0.6353305785123967,23:08:11
968,0.6346749226006192,23:08:14
969,0.6350515463917525,23:08:17
970,0.6343975283213182,23:08:21
971,0.6347736625514403,23:08:25
972,0.6341212744090442,23:08:28
973,0.63347022587269,23:08:31
974,0.6328205128205128,23:08:34
975,0.632172131147541,23:08:38
976,0.631525076765609,23:08:41
977,0.630879345603272,23:08:43
978,0.6302349336057201,23:08:46
979,0.6306122448979592,23:08:49
980,0.6309887869520897,23:08:52
981,0.6313645621181263,23:08:55
982,0.6317395727365208,23:08:58
983,0.6310975609756098,23:09:00
984,0.6304568527918781,23:09:03
985,0.6298174442190669,23:09:06
986,0.630192502532928,23:09:10
987,0.6305668016194332,23:09:13
988,0.6309403437815976,23:09:15
989,0.6313131313131313,23:09:19
990,0.6306760847628657,23:09:22
991,0.6310483870967742,23:09:25
992,0.6304128902316214,23:09:28
993,0.630784708249497,23:09:31
994,0.6311557788944724,23:09:34
995,0.6315261044176707,23:09:38
996,0.6318956870611836,23:09:41
997,0.6312625250501002,23:09:44
998,0.6306306306306306,23:09:47
999,0.631,23:09:51
1000,0.6313686313686314,23:09:54
1001,0.6307385229540918,23:09:57
1002,0.6301096709870389,23:10:02
1003,0.6294820717131474,23:10:04
1004,0.6298507462686567,23:10:08
1005,0.6292246520874751,23:10:12
1006,0.6285998013902682,23:10:16
1007,0.6279761904761905,23:10:19
1008,0.6273538156590683,23:10:23
1009,0.6267326732673267,23:10:26
1010,0.6261127596439169,23:10:30
1011,0.6264822134387352,23:10:32
1012,0.6258637709772952,23:10:36
1013,0.6252465483234714,23:10:38
1014,0.6246305418719211,23:10:42
1015,0.6240157480314961,23:10:45
1016,0.6234021632251721,23:10:49
1017,0.6227897838899804,23:10:51
1018,0.6231599607458292,23:10:55
1019,0.6225490196078431,23:10:58
1020,0.6229187071498531,23:11:03
1021,0.6232876712328768,23:11:06
1022,0.6226783968719453,23:11:10
1023,0.623046875,23:11:15
1024,0.6224390243902439,23:11:18
1025,0.621832358674464,23:11:23
1026,0.6212268743914313,23:11:26
1027,0.6215953307392996,23:11:29
1028,0.6219630709426628,23:11:32
1029,0.6223300970873786,23:11:36
1030,0.6226964112512124,23:11:42
1031,0.623062015503876,23:11:46
1032,0.6224588576960309,23:11:49
1033,0.6218568665377177,23:11:53
1034,0.6222222222222222,23:11:57
1035,0.6225868725868726,23:12:00
1036,0.6219864995178399,23:12:05
1037,0.6223506743737958,23:12:08
1038,0.6217516843118384,23:12:13
1039,0.6221153846153846,23:12:17
1040,0.622478386167147,23:12:21
1041,0.6228406909788867,23:12:25
1042,0.62320230105465,23:12:29
1043,0.6226053639846744,23:12:32
1044,0.6229665071770335,23:12:36
1045,0.6233269598470363,23:12:39
1046,0.623686723973257,23:12:44
1047,0.6240458015267175,23:12:48
1048,0.6234509056244042,23:12:51
1049,0.6228571428571429,23:12:54
1050,0.6222645099904852,23:12:58
1051,0.6226235741444867,23:13:02
1052,0.6229819563152896,23:13:07
1053,0.6223908918406073,23:13:09
1054,0.6227488151658768,23:13:13
1055,0.6231060606060606,23:13:17
1056,0.6225165562913907,23:13:21
1057,0.6228733459357277,23:13:24
1058,0.6222851746931067,23:13:27
1059,0.6216981132075472,23:13:31
1060,0.6220546654099905,23:13:36
1061,0.6224105461393596,23:13:39
1062,0.6227657572906867,23:13:42
1063,0.6231203007518797,23:13:44
1064,0.6234741784037559,23:13:48
1065,0.6228893058161351,23:13:52
1066,0.6223055295220243,23:13:55
1067,0.6217228464419475,23:13:59
1068,0.6211412535079514,23:14:00
1069,0.6205607476635514,23:14:04
1070,0.6199813258636788,23:14:07
1071,0.6203358208955224,23:14:11
1072,0.6206896551724138,23:14:16
1073,0.6210428305400373,23:14:20
1074,0.6204651162790698,23:14:23
1075,0.6198884758364313,23:14:25
1076,0.6202414113277623,23:14:30
1077,0.6205936920222634,23:14:34
1078,0.6200185356811863,23:14:38
1079,0.6194444444444445,23:14:42
1080,0.6197964847363552,23:14:45
1081,0.6192236598890942,23:14:49
1082,0.61865189289012,23:14:52
1083,0.6190036900369004,23:14:55
1084,0.6193548387096774,23:15:00
1085,0.6187845303867403,23:15:02
1086,0.6182152713891444,23:15:05
1087,0.6185661764705882,23:15:09
1088,0.6189164370982553,23:15:14
1089,0.618348623853211,23:15:17
1090,0.617781851512374,23:15:20
1091,0.6172161172161172,23:15:23
1092,0.616651418115279,23:15:25
1093,0.6170018281535649,23:15:27
1094,0.6164383561643836,23:15:32
1095,0.6167883211678832,23:15:37
1096,0.6162260711030082,23:15:40
1097,0.6165755919854281,23:15:45
1098,0.6169244767970883,23:15:49
1099,0.6163636363636363,23:15:53
1100,0.6167120799273388,23:15:57
1101,0.6161524500907442,23:16:01
1102,0.6155938349954669,23:16:03
1103,0.615036231884058,23:16:06
1104,0.6144796380090498,23:16:09
1105,0.6139240506329114,23:16:13
1106,0.6133694670280037,23:16:17
1107,0.6128158844765343,23:16:21
1108,0.612263300270514,23:16:26
1109,0.6126126126126126,23:16:31
1110,0.6120612061206121,23:16:33
1111,0.612410071942446,23:16:36
1112,0.6118598382749326,23:16:39
1113,0.6113105924596051,23:16:44
1114,0.610762331838565,23:16:48
1115,0.6102150537634409,23:16:52
1116,0.6105640107430618,23:16:56
1117,0.6100178890876565,23:17:00
1118,0.6094727435210009,23:17:02
1119,0.6089285714285714,23:17:05
1120,0.6092774308652988,23:17:08
1121,0.6087344028520499,23:17:11
1122,0.6081923419412288,23:17:14
1123,0.608540925266904,23:17:19
1124,0.608,23:17:22
1125,0.6074600355239786,23:17:26
1126,0.6078083407275954,23:17:29
1127,0.6081560283687943,23:17:34
1128,0.608503100088574,23:17:38
1129,0.6079646017699115,23:17:41
1130,0.6074270557029178,23:17:44
1131,0.607773851590106,23:17:49
1132,0.6081200353045013,23:17:53
1133,0.6084656084656085,23:17:58
1134,0.6079295154185022,23:18:01
1135,0.608274647887324,23:18:06
1136,0.6077396657871592,23:18:10
1137,0.6080843585237259,23:18:13
1138,0.607550482879719,23:18:17
1139,0.6070175438596491,23:18:20
1140,0.6064855390008764,23:18:24
1141,0.6059544658493871,23:18:28
1142,0.6062992125984252,23:18:31
1143,0.6066433566433567,23:18:36
1144,0.6061135371179039,23:18:39
1145,0.6055846422338569,23:18:42
1146,0.6059285091543156,23:18:47
1147,0.6062717770034843,23:18:51
1148,0.6057441253263708,23:18:54
1149,0.6060869565217392,23:18:58
1150,0.6064291920069504,23:19:03
1151,0.6067708333333334,23:19:08
1152,0.606244579358196,23:19:11
1153,0.6065857885615251,23:19:14
1154,0.606926406926407,23:19:17
1155,0.606401384083045,23:19:21
1156,0.6058772687986171,23:19:24
1157,0.6062176165803109,23:19:27
1158,0.6056945642795514,23:19:31
1159,0.6051724137931035,23:19:35
1160,0.6055124892334195,23:19:39
1161,0.6058519793459552,23:19:43
1162,0.6061908856405847,23:19:46
1163,0.6065292096219931,23:19:51
1164,0.6068669527896996,23:19:54
1165,0.6063464837049742,23:19:59
1166,0.6058269065981148,23:20:01
1167,0.6053082191780822,23:20:05
1168,0.6056458511548332,23:20:11
1169,0.6059829059829059,23:20:14
1170,0.6063193851409052,23:20:18
1171,0.60580204778157,23:20:21
1172,0.6061381074168798,23:20:26
1173,0.6056218057921635,23:20:29
1174,0.6059574468085106,23:20:32
1175,0.6054421768707483,23:20:35
1176,0.6057774001699235,23:20:39
1177,0.6061120543293718,23:20:43
1178,0.6064461407972859,23:20:46
1179,0.6067796610169491,23:20:51
1180,0.6062658763759525,23:20:56
1181,0.6065989847715736,23:21:01
1182,0.6060862214708369,23:21:05
1183,0.606418918918919,23:21:09
1184,0.6067510548523207,23:21:13
1185,0.606239460370995,23:21:15
1186,0.6065711878685762,23:21:19
1187,0.6060606060606061,23:21:24
1188,0.6063919259882254,23:21:28
1189,0.6067226890756302,23:21:33
1190,0.6062132661628883,23:21:37
1191,0.6057046979865772,23:21:40
1192,0.606035205364627,23:21:42
1193,0.6063651591289783,23:21:46
1194,0.606694560669456,23:21:49
1195,0.6061872909698997,23:21:54
1196,0.6056808688387636,23:21:58
1197,0.6060100166944908,23:22:03
1198,0.6063386155129274,23:22:08
1199,0.6066666666666667,23:22:11
1200,0.6061615320566195,23:22:17
1201,0.6064891846921797,23:22:21
1202,0.6068162926018288,23:22:26
1203,0.606312292358804,23:22:28
1204,0.6058091286307054,23:22:33
1205,0.6061359867330016,23:22:37
1206,0.6056338028169014,23:22:43
1207,0.6051324503311258,23:22:47
1208,0.6046319272125724,23:22:49
1209,0.6041322314049586,23:22:53
1210,0.6036333608587944,23:22:56
1211,0.6039603960396039,23:22:58
1212,0.6034624896949712,23:23:02
1213,0.6029654036243822,23:23:05
1214,0.6024691358024692,23:23:09
1215,0.602796052631579,23:23:13
1216,0.6023007395234182,23:23:15
1217,0.6018062397372742,23:23:19
1218,0.6021328958162429,23:23:22
1219,0.6024590163934426,23:23:26
1220,0.6027846027846028,23:23:30
1221,0.6031096563011457,23:23:33
1222,0.6026165167620605,23:23:37
1223,0.6021241830065359,23:23:41
1224,0.6024489795918367,23:23:45
1225,0.601957585644372,23:23:49
1226,0.6022819885900571,23:23:54
1227,0.6026058631921825,23:23:58
1228,0.6021155410903173,23:24:00
1229,0.6024390243902439,23:24:03
1230,0.602761982128351,23:24:07
1231,0.6022727272727273,23:24:12
1232,0.6017842660178426,23:24:14
1233,0.6021069692058347,23:24:17
1234,0.6024291497975709,23:24:22
1235,0.6019417475728155,23:24:27
1236,0.6022635408245756,23:24:30
1237,0.6025848142164781,23:24:36
1238,0.6020984665052461,23:24:39
1239,0.6016129032258064,23:24:43
1240,0.6019339242546333,23:24:47
1241,0.6014492753623188,23:24:50
1242,0.6009654062751408,23:24:54
1243,0.6012861736334405,23:24:58
1244,0.6016064257028112,23:25:00
1245,0.6019261637239165,23:25:06
1246,0.6022453889334403,23:25:10
1247,0.6025641025641025,23:25:13
1248,0.6028823058446757,23:25:16
1249,0.6024,23:25:19
1250,0.6027178257394085,23:25:25
1251,0.603035143769968,23:25:28
1252,0.6033519553072626,23:25:32
1253,0.6036682615629984,23:25:37
1254,0.6039840637450199,23:25:41
1255,0.6042993630573248,23:25:45
1256,0.6046141607000796,23:25:49
1257,0.604133545310016,23:25:53
1258,0.6036536934074662,23:25:56
1259,0.6039682539682539,23:26:00
1260,0.6042823156225218,23:26:05
1261,0.6045958795562599,23:26:09
1262,0.6049089469517023,23:26:13
1263,0.6052215189873418,23:26:18
1264,0.6055335968379446,23:26:21
1265,0.6058451816745656,23:26:26
1266,0.606156274664562,23:26:30
1267,0.6064668769716088,23:26:35
1268,0.6059889676910953,23:26:40
1269,0.6055118110236221,23:26:44
1270,0.6050354051927616,23:26:46
1271,0.6053459119496856,23:26:49
1272,0.605655930871956,23:26:52
1273,0.6051805337519623,23:26:56
1274,0.6047058823529412,23:26:59
1275,0.60423197492163,23:27:04
1276,0.6045418950665623,23:27:08
1277,0.6048513302034428,23:27:11
1278,0.6051602814698983,23:27:15
1279,0.60546875,23:27:20
1280,0.6057767369242779,23:27:23
1281,0.6060842433697348,23:27:28
1282,0.6063912704598597,23:27:31
1283,0.6059190031152648,23:27:33
1284,0.6054474708171206,23:27:37
1285,0.6049766718506998,23:27:41
1286,0.6052836052836053,23:27:45
1287,0.6048136645962733,23:27:47
1288,0.6051202482544609,23:27:53
1289,0.6054263565891473,23:27:56
1290,0.6049573973663827,23:28:00
1291,0.6044891640866873,23:28:04
1292,0.6047950502706884,23:28:07
1293,0.6051004636785162,23:28:11
1294,0.6046332046332046,23:28:15
1295,0.6049382716049383,23:28:19
1296,0.605242868157286,23:28:22
1297,0.6055469953775039,23:28:26
1298,0.605080831408776,23:28:30
1299,0.6053846153846154,23:28:34
1300,0.6056879323597233,23:28:38
1301,0.6052227342549923,23:28:42
1302,0.6055257099002302,23:28:46
1303,0.6050613496932515,23:28:50
1304,0.6045977011494252,23:28:54
1305,0.6041347626339969,23:28:57
1306,0.603672532517215,23:29:00
1307,0.6039755351681957,23:29:04
1308,0.6042780748663101,23:29:08
1309,0.6045801526717557,23:29:14
1310,0.6048817696414951,23:29:18
1311,0.6051829268292683,23:29:23
1312,0.6054836252856055,23:29:27
1313,0.6057838660578386,23:29:30
1314,0.6053231939163498,23:29:34
1315,0.6056231003039514,23:29:38
1316,0.6059225512528473,23:29:42
1317,0.6054628224582701,23:29:46
1318,0.6050037907505686,23:29:49
1319,0.6045454545454545,23:29:54
1320,0.6040878122634368,23:29:59
1321,0.6043872919818457,23:30:02
1322,0.6046863189720333,23:30:07
1323,0.6042296072507553,23:30:11
1324,0.6045283018867924,23:30:14
1325,0.6040723981900452,23:30:17
1326,0.6043707611152976,23:30:22
1327,0.6046686746987951,23:30:26
1328,0.6049661399548533,23:30:31
1329,0.6045112781954888,23:30:34
1330,0.6040570999248686,23:30:39
1331,0.6043543543543544,23:30:44
1332,0.6039009752438109,23:30:48
1333,0.603448275862069,23:30:52
1334,0.6037453183520599,23:30:56
1335,0.6032934131736527,23:31:00
1336,0.6035901271503366,23:31:06
1337,0.6038863976083707,23:31:10
1338,0.6041822255414488,23:31:14
1339,0.6044776119402985,23:31:19
1340,0.6040268456375839,23:31:23
1341,0.6035767511177347,23:31:27
1342,0.6038719285182428,23:31:30
1343,0.6034226190476191,23:31:34
1344,0.6037174721189591,23:31:38
1345,0.6032689450222882,23:31:43
1346,0.6028210838901262,23:31:47
1347,0.6031157270029673,23:31:50
1348,0.603409933283914,23:31:54
1349,0.6037037037037037,23:31:58
1350,0.6032568467801629,23:32:01
1351,0.6035502958579881,23:32:05
1352,0.6038433111603844,23:32:09
1353,0.604135893648449,23:32:13
1354,0.6044280442804428,23:32:16
1355,0.6047197640117994,23:32:21
1356,0.6050110537951363,23:32:24
1357,0.605301914580265,23:32:28
1358,0.6048565121412803,23:32:32
1359,0.6051470588235294,23:32:38
1360,0.6047024246877296,23:32:42
1361,0.604992657856094,23:32:45
1362,0.6052824651504035,23:32:48
1363,0.6055718475073314,23:32:53
1364,0.6058608058608058,23:32:57
1365,0.6054172767203514,23:33:00
1366,0.6057059253840527,23:33:04
1367,0.6059941520467836,23:33:08
1368,0.6062819576333089,23:33:13
1369,0.6058394160583942,23:33:18
1370,0.6061269146608315,23:33:23
1371,0.6064139941690962,23:33:27
1372,0.6067006554989075,23:33:30
1373,0.6069868995633187,23:33:33
1374,0.6065454545454545,23:33:37
1375,0.6068313953488372,23:33:41
1376,0.6071169208424111,23:33:45
1377,0.6074020319303338,23:33:50
1378,0.6076867295141407,23:33:54
1379,0.6079710144927536,23:33:58
1380,0.6082548877624909,23:34:02
1381,0.6078147612156295,23:34:07
1382,0.6073752711496746,23:34:11
1383,0.6076589595375722,23:34:15
1384,0.607942238267148,23:34:20
1385,0.6075036075036075,23:34:23
1386,0.6077865897620764,23:34:27
1387,0.6073487031700289,23:34:30
1388,0.6069114470842333,23:34:33
1389,0.6071942446043166,23:34:37
1390,0.6074766355140186,23:34:41
1391,0.6077586206896551,23:34:46
1392,0.6080402010050251,23:34:49
1393,0.6076040172166427,23:34:53
1394,0.607168458781362,23:34:56
1395,0.6074498567335244,23:35:00
1396,0.60773085182534,23:35:04
1397,0.6072961373390557,23:35:09
1398,0.6075768406004288,23:35:14
1399,0.6071428571428571,23:35:18
1400,0.6074232690935046,23:35:22
1401,0.6069900142653353,23:35:25
1402,0.6072701354240913,23:35:30
1403,0.6075498575498576,23:35:35
1404,0.6078291814946619,23:35:39
1405,0.6081081081081081,23:35:42
1406,0.6083866382373845,23:35:45
1407,0.6086647727272727,23:35:51
1408,0.6089425124201562,23:35:55
1409,0.6085106382978723,23:35:58
1410,0.6087880935506733,23:36:02
1411,0.6090651558073654,23:36:06
1412,0.6093418259023354,23:36:10
1413,0.6096181046676096,23:36:15
1414,0.6098939929328622,23:36:20
1415,0.6101694915254238,23:36:25
1416,0.6104446012702893,23:36:29
1417,0.6100141043723555,23:36:34
1418,0.609584214235377,23:36:38
1419,0.6098591549295774,23:36:44
1420,0.6101337086558761,23:36:48
1421,0.6104078762306611,23:36:51
1422,0.6106816584680252,23:36:56
1423,0.6109550561797753,23:37:00
1424,0.6112280701754386,23:37:03
1425,0.6115007012622721,23:37:07
1426,0.6117729502452698,23:37:11
1427,0.6120448179271709,23:37:14
1428,0.6116165150454863,23:37:19
1429,0.6118881118881119,23:37:22
1430,0.6114605171208944,23:37:26
1431,0.611731843575419,23:37:30
1432,0.6113049546406141,23:37:34
1433,0.6115760111576011,23:37:39
1434,0.6118466898954704,23:37:44
1435,0.6114206128133705,23:37:49
1436,0.6116910229645094,23:37:52
1437,0.6112656467315716,23:37:56
1438,0.6115357887421821,23:38:00
1439,0.6118055555555556,23:38:05
1440,0.6120749479528106,23:38:08
1441,0.6123439667128987,23:38:12
1442,0.6126126126126126,23:38:16
1443,0.6128808864265928,23:38:20
1444,0.6131487889273356,23:38:24
1445,0.6127247579529738,23:38:28
1446,0.612992398064962,23:38:31
1447,0.6132596685082873,23:38:35
1448,0.6135265700483091,23:38:39
1449,0.6137931034482759,23:38:43
1450,0.6140592694693315,23:38:46
1451,0.6136363636363636,23:38:51
1452,0.6139022711631108,23:38:55
1453,0.6141678129298487,23:38:59
1454,0.6144329896907217,23:39:04
1455,0.614010989010989,23:39:09
1456,0.6135895676046671,23:39:15
1457,0.6138545953360768,23:39:18
1458,0.6141192597669637,23:39:23
1459,0.6136986301369863,23:39:27
1460,0.6139630390143738,23:39:32
1461,0.6142270861833106,23:39:36
1462,0.6144907723855092,23:39:40
1463,0.6140710382513661,23:39:45
1464,0.6136518771331058,23:39:47
1465,0.6139154160982264,23:39:51
1466,0.6141785957736878,23:39:56
1467,0.614441416893733,23:40:02
1468,0.6147038801906058,23:40:08
1469,0.6142857142857143,23:40:12
1470,0.6138681169272604,23:40:15
1471,0.6134510869565217,23:40:18
1472,0.6130346232179226,23:40:23
1473,0.6126187245590231,23:40:27
1474,0.6128813559322034,23:40:33
1475,0.6124661246612466,23:40:37
1476,0.6120514556533514,23:40:41
1477,0.6123139377537212,23:40:46
1478,0.6125760649087221,23:40:50
1479,0.6121621621621621,23:40:54
1480,0.612424037812289,23:40:59
1481,0.6126855600539811,23:41:02
1482,0.612272420768712,23:41:05
1483,0.612533692722372,23:41:12
1484,0.6121212121212121,23:41:16
1485,0.6123822341857336,23:41:20
1486,0.6126429051782112,23:41:26
1487,0.6129032258064516,23:41:30
1488,0.61316319677636,23:41:34
1489,0.6134228187919463,23:41:38
1490,0.6130114017437961,23:41:43
1491,0.6132707774798928,23:41:47
1492,0.6128600133958473,23:41:52
1493,0.6124497991967871,23:41:54
1494,0.6127090301003344,23:41:59
1495,0.6129679144385026,23:42:03
1496,0.612558450233801,23:42:07
1497,0.6128170894526035,23:42:12
1498,0.6130753835890593,23:42:17
1499,0.6126666666666667,23:42:21
1500,0.6129247168554297,23:42:25
1501,0.6125166444740346,23:42:30
1502,0.612109115103127,23:42:34
1503,0.6123670212765957,23:42:39
1504,0.6119601328903654,23:42:42
1505,0.6122177954847278,23:42:44
1506,0.6118115461181155,23:42:49
1507,0.6120689655172413,23:42:53
1508,0.6123260437375746,23:42:57
1509,0.6125827814569537,23:43:00
1510,0.6121773659827928,23:43:06
1511,0.6124338624338624,23:43:11
1512,0.6120290812954395,23:43:15
1513,0.6116248348745046,23:43:20
1514,0.6112211221122112,23:43:25
1515,0.6108179419525066,23:43:30
1516,0.6110744891232696,23:43:36
1517,0.61133069828722,23:43:40
1518,0.6109282422646478,23:43:45
1519,0.6105263157894737,23:43:48
1520,0.6107823800131492,23:43:53
1521,0.6103810775295664,23:43:58
1522,0.6099803020354564,23:44:02
1523,0.6095800524934383,23:44:05
1524,0.6098360655737705,23:44:09
1525,0.6100917431192661,23:44:13
1526,0.610347085789129,23:44:17
1527,0.6106020942408377,23:44:20
1528,0.6108567691301504,23:44:24
1529,0.6104575163398693,23:44:28
1530,0.6107119529719138,23:44:32
1531,0.6109660574412533,23:44:37
1532,0.6112198303979126,23:44:41
1533,0.6108213820078227,23:44:45
1534,0.6104234527687297,23:44:48
1535,0.6106770833333334,23:44:52
1536,0.6109303838646715,23:44:57
1537,0.6105331599479844,23:45:02
1538,0.6107862248213125,23:45:06
1539,0.611038961038961,23:45:09
1540,0.6106424399740429,23:45:13
1541,0.6108949416342413,23:45:17
1542,0.611147116007777,23:45:21
1543,0.6107512953367875,23:45:24
1544,0.6103559870550161,23:45:28
1545,0.609961190168176,23:45:30
1546,0.6102133160956691,23:45:34
1547,0.6104651162790697,23:45:39
1548,0.6100710135571337,23:45:43
1549,0.6103225806451613,23:45:47
1550,0.6105738233397808,23:45:52
1551,0.6108247422680413,23:45:56
1552,0.6104314230521571,23:45:59
1553,0.61003861003861,23:46:03
1554,0.6102893890675242,23:46:08
1555,0.6105398457583547,23:46:12
1556,0.6101477199743096,23:46:16
1557,0.610397946084724,23:46:19
1558,0.6106478511866581,23:46:24
1559,0.610897435897436,23:46:29
1560,0.6111467008327995,23:46:34
1561,0.6113956466069143,23:46:39
1562,0.6110044785668586,23:46:42
1563,0.6112531969309463,23:46:46
1564,0.6108626198083067,23:46:50
1565,0.6111111111111112,23:46:55
1566,0.6113592852584556,23:47:00
1567,0.610969387755102,23:47:04
1568,0.6112173358827279,23:47:09
1569,0.6114649681528662,23:47:13
1570,0.6117122851686824,23:47:17
1571,0.6119592875318066,23:47:21
1572,0.6122059758423395,23:47:25
1573,0.6118170266836086,23:47:29
1574,0.6120634920634921,23:47:32
1575,0.6116751269035533,23:47:37
1576,0.6119213696892835,23:47:42
1577,0.6121673003802282,23:47:46
1578,0.6117796073464218,23:47:48
1579,0.6120253164556962,23:47:53
1580,0.6122707147375079,23:47:57
1581,0.6125158027812895,23:48:01
1582,0.6127605811749842,23:48:07
1583,0.6130050505050505,23:48:11
1584,0.6132492113564669,23:48:15
1585,0.6128625472887768,23:48:18
1586,0.6124763705103969,23:48:22
1587,0.6127204030226701,23:48:29
1588,0.6129641283826306,23:48:34
1589,0.6132075471698113,23:48:38
1590,0.6134506599622879,23:48:43
1591,0.6130653266331658,23:48:48
1592,0.613308223477715,23:48:52
1593,0.6135508155583438,23:48:56
1594,0.6137931034482759,23:49:01
1595,0.6134085213032582,23:49:05
1596,0.6136505948653725,23:49:10
1597,0.6132665832290363,23:49:14
1598,0.6128830519074422,23:49:18
1599,0.613125,23:49:22
1600,0.613366645846346,23:49:26
1601,0.6136079900124844,23:49:30
1602,0.6132252027448534,23:49:34
1603,0.6134663341645885,23:49:42
1604,0.6137071651090342,23:49:46
1605,0.613947696139477,23:49:51
1606,0.6141879278158059,23:49:54
1607,0.6138059701492538,23:49:59
1608,0.6134244872591672,23:50:02
1609,0.6130434782608696,23:50:06
1610,0.6126629422718808,23:50:10
1611,0.6129032258064516,23:50:13
1612,0.6125232486050837,23:50:18
1613,0.6121437422552665,23:50:22
1614,0.611764705882353,23:50:26
1615,0.6120049504950495,23:50:31
1616,0.6122448979591837,23:50:35
1617,0.6124845488257108,23:50:40
1618,0.612106238418777,23:50:44
1619,0.6123456790123457,23:50:48
1620,0.6119679210363973,23:50:53
1621,0.6122071516646116,23:50:58
1622,0.6118299445471349,23:51:04
1623,0.6120689655172413,23:51:09
1624,0.6116923076923076,23:51:13
1625,0.6119311193111932,23:51:17
1626,0.6121696373693916,23:51:21
1627,0.6117936117936118,23:51:23
1628,0.6120319214241866,23:51:27
1629,0.6122699386503068,23:51:31
1630,0.6125076640098099,23:51:34
1631,0.6121323529411765,23:51:38
1632,0.612369871402327,23:51:42
1633,0.6119951040391677,23:51:46
1634,0.6122324159021407,23:51:50
1635,0.6118581907090465,23:51:55
1636,0.611484422724496,23:51:59
1637,0.6111111111111112,23:52:04
1638,0.6113483831604637,23:52:09
1639,0.6115853658536585,23:52:15
1640,0.6118220597196831,23:52:20
1641,0.6120584652862363,23:52:23
1642,0.6122945830797322,23:52:28
1643,0.6125304136253041,23:52:32
1644,0.6121580547112462,23:52:36
1645,0.6117861482381531,23:52:40
1646,0.6120218579234973,23:52:44
1647,0.6116504854368932,23:52:49
1648,0.6118859915100061,23:52:53
1649,0.6115151515151516,23:52:55
1650,0.6117504542701393,23:53:00
1651,0.6119854721549637,23:53:05
1652,0.6122202056866304,23:53:11
1653,0.6124546553808948,23:53:14
1654,0.6120845921450151,23:53:16
1655,0.6123188405797102,23:53:21
1656,0.611949305974653,23:53:24
1657,0.612183353437877,23:53:27
1658,0.6118143459915611,23:53:32
1659,0.6120481927710844,23:53:37
1660,0.6122817579771223,23:53:40
1661,0.6125150421179302,23:53:45
1662,0.6127480457005412,23:53:49
1663,0.6123798076923077,23:53:52
1664,0.612012012012012,23:53:55
1665,0.6116446578631453,23:53:59
1666,0.6112777444511098,23:54:04
1667,0.6115107913669064,23:54:09
1668,0.6111443978430198,23:54:13
1669,0.611377245508982,23:54:18
1670,0.6116098144823459,23:54:24
1671,0.611244019138756,23:54:26
1672,0.6108786610878661,23:54:30
1673,0.6111111111111112,23:54:34
1674,0.6113432835820896,23:54:39
1675,0.6115751789976134,23:54:43
1676,0.6112104949314252,23:54:48
1677,0.6114421930870083,23:54:52
1678,0.6110780226325193,23:54:57
1679,0.6113095238095239,23:55:00
1680,0.6109458655562165,23:55:04
1681,0.6105826397146255,23:55:08
1682,0.6102198455139631,23:55:12
1683,0.6098574821852731,23:55:16
1684,0.6100890207715134,23:55:20
1685,0.6103202846975089,23:55:24
1686,0.6099585062240664,23:55:27
1687,0.6101895734597157,23:55:31
1688,0.6098283007696862,23:55:34
1689,0.6100591715976331,23:55:40
1690,0.6102897693672383,23:55:44
1691,0.6105200945626478,23:55:48
1692,0.6101594802126403,23:55:53
1693,0.6103896103896104,23:55:57
1694,0.6106194690265486,23:56:01
1695,0.6108490566037735,23:56:07
1696,0.6104890984089569,23:56:11
1697,0.6101295641931684,23:56:15
1698,0.6103590347263096,23:56:20
1699,0.61,23:56:23
1700,0.6102292768959435,23:56:27
1701,0.6098707403055229,23:56:32
1702,0.6095126247798004,23:56:36
1703,0.6091549295774648,23:56:40
1704,0.6087976539589443,23:56:43
1705,0.6090269636576788,23:56:46
1706,0.6092560046865847,23:56:51
1707,0.6094847775175644,23:56:58
1708,0.6091281451141018,23:57:02
1709,0.6093567251461989,23:57:08
1710,0.609000584453536,23:57:12
1711,0.6086448598130841,23:57:16
1712,0.6082895504962055,23:57:20
1713,0.6079346557759626,23:57:25
1714,0.6081632653061224,23:57:29
1715,0.6083916083916084,23:57:33
1716,0.6086196854979615,23:57:38
1717,0.6082654249126892,23:57:42
1718,0.6084933100639907,23:57:47
1719,0.6087209302325581,23:57:52
1720,0.6083672283556072,23:57:56
1721,0.6085946573751452,23:58:02
1722,0.608241439349971,23:58:07
1723,0.6084686774941995,23:58:12
1724,0.6086956521739131,23:58:16
1725,0.6089223638470452,23:58:20
1726,0.609148812970469,23:58:24
1727,0.609375,23:58:28
1728,0.6090225563909775,23:58:33
1729,0.6092485549132948,23:58:37
1730,0.6088965915655691,23:58:39
1731,0.609122401847575,23:58:43
1732,0.6087709174841316,23:58:49
1733,0.6084198385236448,23:58:53
1734,0.6086455331412104,23:58:59
1735,0.6088709677419355,23:59:04
1736,0.6090961427748992,23:59:08
1737,0.6093210586881473,23:59:13
1738,0.6095457159286947,23:59:17
1739,0.6097701149425288,23:59:22
1740,0.6094198736358415,23:59:27
1741,0.6096440872560276,23:59:31
1742,0.6098680436029834,23:59:36
1743,0.6100917431192661,23:59:39
1744,0.6103151862464183,23:59:44
1745,0.6105383734249714,23:59:49
1746,0.6107613050944476,23:59:54
1747,0.6104118993135011,23:59:58
1748,0.6106346483704974,00:00:02
1749,0.6102857142857143,00:00:07
1750,0.6099371787549971,00:00:10
1751,0.6095890410958904,00:00:15
1752,0.6092413006274957,00:00:20
1753,0.6088939566704675,00:00:24
1754,0.6091168091168091,00:00:30
1755,0.6087699316628702,00:00:34
1756,0.6084234490608993,00:00:39
1757,0.608646188850967,00:00:43
1758,0.6083001705514497,00:00:48
1759,0.6085227272727273,00:00:53
1760,0.6087450312322544,00:00:57
1761,0.6089670828603859,00:01:00
1762,0.6091888825865003,00:01:04
1763,0.6094104308390023,00:01:08
1764,0.6096317280453257,00:01:13
1765,0.6098527746319365,00:01:16
1766,0.6095076400679117,00:01:20
1767,0.6097285067873304,00:01:25
1768,0.6099491237987563,00:01:29
1769,0.6101694915254238,00:01:35
1770,0.6098249576510446,00:01:38
1771,0.6100451467268623,00:01:42
1772,0.6102650874224478,00:01:46
1773,0.6099210822998873,00:01:50
1774,0.6101408450704225,00:01:54
1775,0.6103603603603603,00:01:59
1776,0.6100168823860439,00:02:03
1777,0.610236220472441,00:02:06
1778,0.6104553119730185,00:02:11
1779,0.6101123595505618,00:02:15
1780,0.6103312745648513,00:02:20
1781,0.6105499438832772,00:02:25
1782,0.6107683679192373,00:02:31
1783,0.6109865470852018,00:02:35
1784,0.6112044817927171,00:02:40
1785,0.6108622620380739,00:02:45
1786,0.6110800223838836,00:02:50
1787,0.6112975391498882,00:02:53
1788,0.61151481274455,00:02:57
1789,0.611731843575419,00:03:01
1790,0.6119486320491345,00:03:06
1791,0.6121651785714286,00:03:11
1792,0.6118237590630229,00:03:14
1793,0.6114827201783724,00:03:18
1794,0.611699164345404,00:03:23
1795,0.611358574610245,00:03:26
1796,0.6115748469671675,00:03:32
1797,0.6112347052280311,00:03:36
1798,0.6114508060033352,00:03:40
1799,0.6116666666666667,00:03:44
1800,0.61188228761799,00:03:49
1801,0.6120976692563818,00:03:54
1802,0.6123128119800333,00:03:57
1803,0.6125277161862528,00:04:02
1804,0.6127423822714682,00:04:07
1805,0.6129568106312292,00:04:10
1806,0.6131710016602103,00:04:13
1807,0.6133849557522124,00:04:17
1808,0.6135986733001658,00:04:23
1809,0.6132596685082873,00:04:28
1810,0.6134732192159028,00:04:32
1811,0.6131346578366446,00:04:37
1812,0.6127964699393271,00:04:41
1813,0.6124586549062845,00:04:45
1814,0.61267217630854,00:04:48
1815,0.612885462555066,00:04:53
1816,0.6125481563015961,00:04:56
1817,0.6127612761276128,00:05:00
1818,0.6129741616272677,00:05:04
1819,0.6131868131868132,00:05:10
1820,0.6128500823723229,00:05:14
1821,0.6125137211855104,00:05:19
1822,0.6121777290181021,00:05:21
1823,0.612390350877193,00:05:25
1824,0.6126027397260274,00:05:29
1825,0.6128148959474261,00:05:34
1826,0.6130268199233716,00:05:38
1827,0.6132385120350109,00:05:43
1828,0.6134499726626572,00:05:47
1829,0.6136612021857923,00:05:51
1830,0.6133260513380666,00:05:55
1831,0.6129912663755459,00:06:01
1832,0.613202400436443,00:06:03
1833,0.6134133042529989,00:06:07
1834,0.6136239782016348,00:06:11
1835,0.6138344226579521,00:06:15
1836,0.6140446379967338,00:06:19
1837,0.6142546245919478,00:06:24
1838,0.6139206090266449,00:06:28
1839,0.6135869565217391,00:06:35
1840,0.6137968495382944,00:06:39
1841,0.6134636264929425,00:06:43
1842,0.6136733586543679,00:06:47
1843,0.613882863340564,00:06:52
1844,0.6140921409214092,00:06:55
1845,0.6143011917659805,00:07:00
1846,0.6145100162425555,00:07:03
1847,0.6147186147186147,00:07:09
1848,0.6149269875608437,00:07:13
1849,0.6151351351351352,00:07:20
1850,0.615343057806591,00:07:25
1851,0.6155507559395248,00:07:29
1852,0.6157582298974635,00:07:33
1853,0.61596548004315,00:07:38
1854,0.615633423180593,00:07:41
1855,0.6158405172413793,00:07:46
1856,0.6155088852988692,00:07:50
1857,0.6151776103336921,00:07:54
1858,0.6153846153846154,00:07:58
1859,0.6155913978494624,00:08:02
1860,0.61579795808705,00:08:07
1861,0.6154672395273899,00:08:10
1862,0.6156736446591519,00:08:14
1863,0.615343347639485,00:08:18
1864,0.6150134048257373,00:08:21
1865,0.6152197213290461,00:08:27
1866,0.6148901981788967,00:08:32
1867,0.6150963597430407,00:08:35
1868,0.6153023006955591,00:08:39
1869,0.6149732620320856,00:08:43
1870,0.6151790486370925,00:08:47
1871,0.6153846153846154,00:08:50
1872,0.6155899626268019,00:08:56
1873,0.615795090715048,00:08:59
1874,0.616,00:09:03
1875,0.6156716417910447,00:09:07
1876,0.6153436334576452,00:09:12
1877,0.6150159744408946,00:09:17
1878,0.6152208621607238,00:09:22
1879,0.6154255319148936,00:09:26
1880,0.6150983519404573,00:09:30
1881,0.6147715196599363,00:09:34
1882,0.6149761019649496,00:09:38
1883,0.6151804670912951,00:09:44
1884,0.6148541114058356,00:09:48
1885,0.6150583244962884,00:09:54
1886,0.615262321144674,00:09:59
1887,0.6154661016949152,00:10:02
1888,0.6156696664902065,00:10:07
1889,0.6158730158730159,00:10:11
1890,0.6160761501850872,00:10:15
1891,0.6157505285412262,00:10:19
1892,0.6159535129424194,00:10:23
1893,0.616156282998944,00:10:28
1894,0.6158311345646438,00:10:30
1895,0.615506329113924,00:10:34
1896,0.6157090142329995,00:10:37
1897,0.6159114857744995,00:10:41
1898,0.6155871511321749,00:10:45
1899,0.6157894736842106,00:10:48
1900,0.6159915833771699,00:10:53
1901,0.6161934805467929,00:10:57
1902,0.6158696794534945,00:11:03
1903,0.615546218487395,00:11:07
1904,0.6157480314960629,00:11:12
1905,0.6154249737670514,00:11:17
1906,0.615626638699528,00:11:21
1907,0.6158280922431866,00:11:25
1908,0.6155055002619172,00:11:28
1909,0.6157068062827226,00:11:33
1910,0.6153846153846154,00:11:37
1911,0.6155857740585774,00:11:42
1912,0.6157867224255097,00:11:46
1913,0.6154649947753396,00:11:50
1914,0.6156657963446475,00:11:54
1915,0.615866388308977,00:11:59
1916,0.6155451225873761,00:12:02
1917,0.6152241918665277,00:12:07
1918,0.6149035956227201,00:12:12
1919,0.6151041666666667,00:12:16
1920,0.6153045288912025,00:12:21
1921,0.6155046826222684,00:12:25
1922,0.6151846073842954,00:12:29
1923,0.6153846153846154,00:12:33
1924,0.6150649350649351,00:12:37
1925,0.6147455867082036,00:12:41
1926,0.6149455111572393,00:12:46
1927,0.6151452282157677,00:12:50
1928,0.6148263348885433,00:12:54
1929,0.6145077720207254,00:12:58
1930,0.6147074054893837,00:13:02
1931,0.6143892339544513,00:13:07
1932,0.6145887221934816,00:13:12
1933,0.6142709410548087,00:13:16
1934,0.6144702842377261,00:13:20
1935,0.6146694214876033,00:13:23
1936,0.6148683531233867,00:13:27
1937,0.6150670794633643,00:13:32
1938,0.6152656008251676,00:13:36
1939,0.6149484536082475,00:13:41
1940,0.615146831530139,00:13:46
1941,0.6153450051493305,00:13:50
1942,0.6150283067421514,00:13:54
1943,0.6152263374485597,00:13:59
1944,0.6154241645244216,00:14:03
1945,0.6151079136690647,00:14:07
1946,0.6153055983564458,00:14:12
1947,0.6155030800821355,00:14:16
1948,0.6151872755259107,00:14:20
1949,0.6153846153846154,00:14:26
1950,0.6155817529472065,00:14:30
1951,0.6152663934426229,00:14:33
1952,0.615463389656938,00:14:39
1953,0.6156601842374616,00:14:46
1954,0.6158567774936061,00:14:50
1955,0.6155419222903885,00:14:53
1956,0.6157383750638733,00:14:57
1957,0.6154239019407559,00:15:01
1958,0.6151097498723839,00:15:05
1959,0.6147959183673469,00:15:10
1960,0.6144824069352371,00:15:15
1961,0.6146788990825688,00:15:19
1962,0.6143657666836475,00:15:25
1963,0.6145621181262729,00:15:30
1964,0.6147582697201018,00:15:34
1965,0.6144455747711088,00:15:39
1966,0.6146415861718353,00:15:43
1967,0.6148373983739838,00:15:49
1968,0.6150330116810564,00:15:54
1969,0.6147208121827411,00:15:58
1970,0.6144089294774226,00:16:00
1971,0.6140973630831643,00:16:04
1972,0.6142929548910289,00:16:09
1973,0.6144883485309017,00:16:14
1974,0.6146835443037975,00:16:19
1975,0.6148785425101214,00:16:24
1976,0.6150733434496712,00:16:29
1977,0.6147623862487361,00:16:34
1978,0.6149570490146539,00:16:37
1979,0.6146464646464647,00:16:41
1980,0.6143361938414942,00:16:45
1981,0.6145307769929365,00:16:49
1982,0.6142208774583964,00:16:55
1983,0.6139112903225806,00:16:57
1984,0.6141057934508816,00:17:03
1985,0.6143001007049346,00:17:08
1986,0.6139909411172622,00:17:12
1987,0.614185110663984,00:17:16
1988,0.6143790849673203,00:17:20
1989,0.6145728643216081,00:17:24
1990,0.6142641888498243,00:17:28
1991,0.6139558232931727,00:17:33
1992,0.613647767185148,00:17:36
1993,0.6138415245737212,00:17:40
1994,0.6140350877192983,00:17:45
1995,0.6142284569138277,00:17:48
1996,0.614421632448673,00:17:51
1997,0.6141141141141141,00:17:56
1998,0.6138069034517258,00:18:00
1999,0.614,00:18:03
2000,0.6141929035482259,00:18:07
2001,0.6138861138861139,00:18:11
2002,0.6135796305541688,00:18:14
2003,0.6137724550898204,00:18:19
2004,0.6134663341645885,00:18:23
2005,0.6136590229312063,00:18:27
2006,0.6133532635774788,00:18:32
2007,0.6130478087649402,00:18:37
2008,0.6132404181184669,00:18:42
2009,0.6129353233830845,00:18:47
2010,0.6131277971158627,00:18:51
2011,0.6133200795228628,00:18:55
2012,0.61351217088922,00:18:59
2013,0.6137040714995035,00:19:04
2014,0.6133995037220844,00:19:08
2015,0.6135912698412699,00:19:12
2016,0.6132870599900843,00:19:16
2017,0.6134786917740337,00:19:21
2018,0.6136701337295691,00:19:25
2019,0.6138613861386139,00:19:30
2020,0.6135576447303315,00:19:34
2021,0.6137487636003957,00:19:37
2022,0.6134453781512605,00:19:39
2023,0.6131422924901185,00:19:44
2024,0.6128395061728396,00:19:47
2025,0.6130306021717671,00:19:52
2026,0.6127281697089294,00:19:55
2027,0.6129191321499013,00:20:00
2028,0.6131099063578117,00:20:04
2029,0.6128078817733991,00:20:08
2030,0.6125061546036435,00:20:13
2031,0.6126968503937008,00:20:20
2032,0.6123954746679784,00:20:23
2033,0.6125860373647984,00:20:27
2034,0.6127764127764128,00:20:32
2035,0.6129666011787819,00:20:36
2036,0.6131566028473245,00:20:40
2037,0.612855740922473,00:20:42
2038,0.6125551741049534,00:20:47
2039,0.6127450980392157,00:20:53
2040,0.6129348358647722,00:20:57
2041,0.6126346718903036,00:21:01
2042,0.6123348017621145,00:21:05
2043,0.6125244618395304,00:21:10
2044,0.6127139364303178,00:21:14
2045,0.6129032258064516,00:21:18
2046,0.6130923302393747,00:21:22
2047,0.61328125,00:21:27
2048,0.6129819424109322,00:21:32
2049,0.6131707317073171,00:21:35
2050,0.6128717698683569,00:21:39
2051,0.6125730994152047,00:21:44
2052,0.6127618119824647,00:21:48
2053,0.612950340798442,00:21:51
2054,0.6131386861313869,00:21:55
2055,0.6128404669260701,00:22:00
2056,0.6125425376762275,00:22:06
2057,0.6122448979591837,00:22:11
2058,0.6124332200097135,00:22:15
2059,0.6121359223300971,00:22:20
2060,0.6118389131489568,00:22:25
2061,0.612027158098933,00:22:30
2062,0.611730489578284,00:22:34
2063,0.6119186046511628,00:22:39
2064,0.6121065375302663,00:22:43
2065,0.6122942884801549,00:22:48
2066,0.6119980648282535,00:22:55
2067,0.6121856866537717,00:22:59
2068,0.612373127114548,00:23:04
2069,0.6120772946859904,00:23:07
2070,0.6117817479478512,00:23:10
2071,0.611969111969112,00:23:14
2072,0.6121562952243126,00:23:18
2073,0.6123432979749277,00:23:22
2074,0.6125301204819277,00:23:25
2075,0.6122350674373795,00:23:30
2076,0.6119402985074627,00:23:34
2077,0.611645813282002,00:23:38
2078,0.6118326118326118,00:23:43
2079,0.6120192307692308,00:23:47
2080,0.6122056703507929,00:23:53
2081,0.6123919308357348,00:23:58
2082,0.6125780124819972,00:24:03
2083,0.6127639155470249,00:24:07
2084,0.6124700239808153,00:24:12
2085,0.6126558005752637,00:24:16
2086,0.612841399137518,00:24:22
2087,0.6125478927203065,00:24:26
2088,0.6127333652465294,00:24:30
2089,0.6129186602870813,00:24:35
2090,0.6131037780966045,00:24:39
2091,0.612810707456979,00:24:43
2092,0.6129956999522217,00:24:50
2093,0.6131805157593123,00:24:56
2094,0.6128878281622911,00:25:00
2095,0.6125954198473282,00:25:04
2096,0.6123032904148784,00:25:09
2097,0.6124880838894184,00:25:14
2098,0.6126727012863268,00:25:18
2099,0.6128571428571429,00:25:22
2100,0.612565445026178,00:25:26
2101,0.6127497621313035,00:25:31
2102,0.6129339039467427,00:25:35
2103,0.6131178707224335,00:25:40
2104,0.6133016627078385,00:25:43
2105,0.6130104463437797,00:25:46
2106,0.6127195064072141,00:25:50
2107,0.6129032258064516,00:25:55
2108,0.6130867709815079,00:26:02
2109,0.6127962085308057,00:26:05
2110,0.6129796305068688,00:26:12
2111,0.6126893939393939,00:26:16
2112,0.6128726928537624,00:26:20
2113,0.6130558183538316,00:26:24
2114,0.6127659574468085,00:26:27
2115,0.6129489603024575,00:26:31
2116,0.6131317902692489,00:26:36
2117,0.6128423040604344,00:26:39
2118,0.6125530910806984,00:26:42
2119,0.6122641509433963,00:26:48
2120,0.611975483262612,00:26:52
2121,0.6116870876531574,00:26:54
2122,0.6118699952896844,00:26:58
2123,0.6115819209039548,00:27:02
2124,0.611764705882353,00:27:07
2125,0.6119473189087489,00:27:11
2126,0.611659614480489,00:27:15
2127,0.6113721804511278,00:27:18
2128,0.6115547205260686,00:27:22
2129,0.611737089201878,00:27:26
2130,0.6114500234631628,00:27:31
2131,0.6116322701688556,00:27:36
2132,0.6113455227379277,00:27:40
2133,0.6115276476101218,00:27:45
2134,0.6117096018735363,00:27:49
2135,0.6118913857677902,00:27:53
2136,0.6120729995320543,00:27:59
2137,0.6122544434050514,00:28:02
2138,0.6124357176250584,00:28:08
2139,0.6121495327102804,00:28:11
2140,0.6118636151331154,00:28:16
2141,0.6120448179271709,00:28:22
2142,0.6122258516098926,00:28:28
2143,0.6124067164179104,00:28:33
2144,0.6121212121212121,00:28:37
2145,0.6123019571295434,00:28:41
2146,0.6124825337680484,00:28:47
2147,0.6121973929236499,00:28:51
2148,0.6119125174499768,00:28:55
2149,0.6120930232558139,00:29:01
2150,0.6118084611808461,00:29:05
2151,0.6119888475836431,00:29:10
2152,0.6121690664189503,00:29:13
2153,0.6123491179201486,00:29:18
2154,0.6125290023201856,00:29:22
2155,0.612708719851577,00:29:26
2156,0.6124246638850255,00:29:30
2157,0.6126042632066728,00:29:35
2158,0.6123205187586845,00:29:38
2159,0.612037037037037,00:29:41
2160,0.6122165664044424,00:29:46
2161,0.6123959296947271,00:29:49
2162,0.6125751271382339,00:29:54
2163,0.6122920517560074,00:29:59
2164,0.6124711316397229,00:30:03
2165,0.6126500461680517,00:30:07
2166,0.6128287955699123,00:30:11
2167,0.6125461254612546,00:30:16
2168,0.6127247579529738,00:30:20
2169,0.6129032258064516,00:30:25
2170,0.6126209120221097,00:30:29
2171,0.6127992633517495,00:30:35
2172,0.6125172572480442,00:30:38
2173,0.6126954921803128,00:30:42
2174,0.6128735632183908,00:30:48
2175,0.6125919117647058,00:30:51
2176,0.6127698667891593,00:30:55
2177,0.6129476584022039,00:31:00
2178,0.6126663607159247,00:31:05
2179,0.6123853211009175,00:31:10
2180,0.6125630444750114,00:31:14
2181,0.6122823098075161,00:31:18
2182,0.6120018323408154,00:31:21
2183,0.6121794871794872,00:31:27
2184,0.6118993135011441,00:31:31
2185,0.611619396157365,00:31:34
2186,0.6117969821673526,00:31:40
2187,0.6115173674588665,00:31:45
2188,0.6112380082229328,00:31:49
2189,0.6114155251141552,00:31:55
2190,0.611592879963487,00:32:01
2191,0.6117700729927007,00:32:06
2192,0.6114911080711354,00:32:10
2193,0.6112123974475843,00:32:15
2194,0.6113895216400911,00:32:18
2195,0.6111111111111112,00:32:23
2196,0.6112881201638598,00:32:28
2197,0.6114649681528662,00:32:35
2198,0.6116416552978626,00:32:39
2199,0.6118181818181818,00:32:44
2200,0.611540208995911,00:32:48
2201,0.6112624886466849,00:32:54
2202,0.6109850204266909,00:32:57
2203,0.6111615245009074,00:33:02
2204,0.6108843537414966,00:33:06
2205,0.6106074342701723,00:33:12
2206,0.6107838695061168,00:33:16
2207,0.6109601449275363,00:33:21
2208,0.6106835672249887,00:33:25
2209,0.6108597285067874,00:33:29
2210,0.6110357304387155,00:33:34
2211,0.6107594936708861,00:33:39
2212,0.6109353818346136,00:33:43
2213,0.6106594399277326,00:33:48
2214,0.6103837471783295,00:33:52
2215,0.6105595667870036,00:33:56
2216,0.6107352277852954,00:34:03
2217,0.6104598737601443,00:34:08
2218,0.6101847679134745,00:34:12
2219,0.6103603603603603,00:34:16
2220,0.6105357946870779,00:34:20
2221,0.6107110711071108,00:34:27
2222,0.6104363472784525,00:34:31
2223,0.6106115107913669,00:34:35
2224,0.6107865168539326,00:34:40
2225,0.6109613656783468,00:34:44
2226,0.6111360574764256,00:34:48
2227,0.6113105924596051,00:34:52
2228,0.6114849708389413,00:34:57
2229,0.611659192825112,00:35:00
2230,0.6118332586284178,00:35:04
2231,0.6120071684587813,00:35:08
2232,0.6117330944917152,00:35:12
2233,0.6114592658907789,00:35:16
2234,0.611185682326622,00:35:21
2235,0.610912343470483,00:35:26
2236,0.6110862762628521,00:35:30
2237,0.6112600536193029,00:35:37
2238,0.6114336757481018,00:35:43
2239,0.6111607142857143,00:35:47
2240,0.6108879964301651,00:35:50
2241,0.6106155218554862,00:35:55
2242,0.6107891217119928,00:35:58
2243,0.6109625668449198,00:36:02
2244,0.6106904231625835,00:36:07
2245,0.6108637577916296,00:36:12
2246,0.6105919003115264,00:36:16
2247,0.6107651245551602,00:36:20
2248,0.6109381947532236,00:36:24
2249,0.6111111111111112,00:36:29
2250,0.6108396268325189,00:36:33
2251,0.6105683836589698,00:36:37
2252,0.6107412339103417,00:36:42
2253,0.6109139307897072,00:36:45
2254,0.6110864745011086,00:36:50
2255,0.6112588652482269,00:36:55
2256,0.6109880372175455,00:36:59
2257,0.6111603188662533,00:37:03
2258,0.6113324479858344,00:37:08
2259,0.6110619469026549,00:37:13
2260,0.6107916850950906,00:37:17
2261,0.6105216622458002,00:37:21
2262,0.6106937693327441,00:37:26
2263,0.6108657243816255,00:37:30
2264,0.611037527593819,00:37:34
2265,0.6112091791703442,00:37:39
2266,0.6109395677106307,00:37:44
2267,0.6106701940035273,00:37:47
2268,0.6104010577346849,00:37:52
2269,0.6101321585903083,00:37:56
2270,0.6103038309114928,00:38:01
2271,0.610475352112676,00:38:05
2272,0.6106467223933129,00:38:08
2273,0.6108179419525066,00:38:15
2274,0.6105494505494505,00:38:20
2275,0.6107205623901582,00:38:24
2276,0.6104523495827844,00:38:28
2277,0.6106233538191396,00:38:34
2278,0.6107942079859587,00:38:38
2279,0.6109649122807017,00:38:42
2280,0.6111354669004823,00:38:47
2281,0.6108676599474145,00:38:50
2282,0.6110381077529566,00:38:54
2283,0.6112084063047285,00:38:59
2284,0.611378555798687,00:39:05
2285,0.6111111111111112,00:39:09
2286,0.6108439003060778,00:39:14
2287,0.6105769230769231,00:39:19
2288,0.6107470511140236,00:39:23
2289,0.6104803493449782,00:39:27
2290,0.6106503710170231,00:39:32
2291,0.6103839441535777,00:39:35
2292,0.6101177496729175,00:39:39
2293,0.6098517872711421,00:39:44
2294,0.6095860566448802,00:39:49
2295,0.6097560975609756,00:39:53
2296,0.6099259904222899,00:39:57
2297,0.6100957354221062,00:40:01
2298,0.610265332753371,00:40:06
2299,0.6104347826086957,00:40:09
2300,0.6101694915254238,00:40:14
2301,0.610338835794961,00:40:20
2302,0.6100738167607469,00:40:25
2303,0.6098090277777778,00:40:30
2304,0.6099783080260304,00:40:34
2305,0.6097137901127494,00:40:38
2306,0.6094495015171218,00:40:43
2307,0.6091854419410745,00:40:48
2308,0.6089216110870507,00:40:52
2309,0.6086580086580087,00:40:58
2310,0.6088273474686283,00:41:01
2311,0.6085640138408305,00:41:05
2312,0.6083009079118028,00:41:10
2313,0.6084701815038893,00:41:14
2314,0.608207343412527,00:41:16
2315,0.6079447322970639,00:41:20
2316,0.6081139404402244,00:41:26
2317,0.6082830025884383,00:41:31
2318,0.6084519189305735,00:41:35
2319,0.6086206896551725,00:41:40
2320,0.6087893149504524,00:41:43
2321,0.6089577950043066,00:41:48
2322,0.6091261300043048,00:41:53
2323,0.6088640275387264,00:41:55
2324,0.6090322580645161,00:41:59
2325,0.6092003439380912,00:42:05
2326,0.609368285345939,00:42:09
2327,0.6095360824742269,00:42:14
2328,0.6097037355088021,00:42:18
2329,0.6098712446351932,00:42:21
2330,0.61003861003861,00:42:27
2331,0.6102058319039451,00:42:33
2332,0.6103729104157737,00:42:38
2333,0.6105398457583547,00:42:43
2334,0.6102783725910065,00:42:46
2335,0.6100171232876712,00:42:51
2336,0.6101839965768079,00:42:54
2337,0.6099230111206159,00:42:57
2338,0.6100897819581017,00:43:01
2339,0.6102564102564103,00:43:06
2340,0.6104228961982059,00:43:09
2341,0.6105892399658411,00:43:13
2342,0.6103286384976526,00:43:16
2343,0.610494880546075,00:43:21
2344,0.6102345415778252,00:43:26
2345,0.6099744245524297,00:43:31
2346,0.610140605027695,00:43:35
2347,0.6103066439522998,00:43:40
2348,0.6104725415070242,00:43:44
2349,0.6102127659574468,00:43:49
2350,0.610378562313909,00:43:54
2351,0.6105442176870748,00:43:58
2352,0.610284742881428,00:44:02
2353,0.6100254885301615,00:44:07
2354,0.6101910828025477,00:44:13
2355,0.6099320882852292,00:44:16
2356,0.6100975816716164,00:44:20
2357,0.6102629346904156,00:44:23
2358,0.6100042390843577,00:44:28
2359,0.6101694915254238,00:44:31
2360,0.6099110546378653,00:44:35
2361,0.6100762066045724,00:44:40
2362,0.6098180279305967,00:44:44
2363,0.6099830795262268,00:44:47
2364,0.6097251585623679,00:44:52
2365,0.6094674556213018,00:44:55
2366,0.6092099704267004,00:44:57
2367,0.6089527027027027,00:45:01
2368,0.6086956521739131,00:45:07
2369,0.6084388185654008,00:45:11
2370,0.6086039645719106,00:45:14
2371,0.6083473861720068,00:45:18
2372,0.6080910240202275,00:45:23
2373,0.6082561078348778,00:45:27
2374,0.608,00:45:32
2375,0.6081649831649831,00:45:37
2376,0.6083298275136727,00:45:42
2377,0.6084945332211943,00:45:47
2378,0.6082387557797394,00:45:51
2379,0.6084033613445378,00:45:56
2380,0.6081478370432591,00:46:01
2381,0.6083123425692695,00:46:06
2382,0.6084767100293748,00:46:09
2383,0.6086409395973155,00:46:13
2384,0.6083857442348009,00:46:15
2385,0.6085498742665549,00:46:18
2386,0.6087138667783829,00:46:24
2387,0.6088777219430486,00:46:31
2388,0.6086228547509418,00:46:35
2389,0.608786610878661,00:46:40
2390,0.6089502300292765,00:46:44
2391,0.6091137123745819,00:46:49
2392,0.6092770580860845,00:46:55
2393,0.6090225563909775,00:46:57
2394,0.6091858037578288,00:47:02
2395,0.6093489148580968,00:47:06
2396,0.609511889862328,00:47:11
2397,0.609674728940784,00:47:16
2398,0.6098374322634431,00:47:20
2399,0.61,00:47:26
2400,0.6101624323198668,00:47:31
2401,0.6103247293921732,00:47:37
2402,0.6104868913857678,00:47:41
2403,0.610648918469218,00:47:48
2404,0.6108108108108108,00:47:53
2405,0.6109725685785536,00:47:57
2406,0.6111341919401745,00:48:01
2407,0.6108803986710963,00:48:05
2408,0.6110419261104193,00:48:09
2409,0.6112033195020747,00:48:13
2410,0.6113645790128578,00:48:18
2411,0.6111111111111112,00:48:21
2412,0.6108578532946539,00:48:26
2413,0.6110190555095277,00:48:32
2414,0.6111801242236025,00:48:36
2415,0.6113410596026491,00:48:40
2416,0.6110881257757551,00:48:43
2417,0.6112489660876758,00:48:46
2418,0.6114096734187681,00:48:50
2419,0.6115702479338843,00:48:54
2420,0.6113176373399422,00:48:59
2421,0.611065235342692,00:49:03
2422,0.610813041683863,00:49:08
2423,0.610973597359736,00:49:13
2424,0.6111340206185567,00:49:17
2425,0.6108821104699094,00:49:20
2426,0.6110424392253812,00:49:25
2427,0.6112026359143328,00:49:31
2428,0.6113627006998765,00:49:37
2429,0.6115226337448559,00:49:42
2430,0.6112710818593171,00:49:45
2431,0.6114309210526315,00:49:49
2432,0.6115906288532675,00:49:55
2433,0.6117502054231717,00:50:00
2434,0.6119096509240246,00:50:04
2435,0.6120689655172413,00:50:10
2436,0.6118178087812884,00:50:13
2437,0.6115668580803938,00:50:18
2438,0.6113161131611317,00:50:22
2439,0.6114754098360655,00:50:27
2440,0.6116345759934453,00:50:31
2441,0.6117936117936118,00:50:35
2442,0.6115431846090872,00:50:39
2443,0.6117021276595744,00:50:43
2444,0.6118609406952965,00:50:46
2445,0.6116107931316435,00:50:51
2446,0.6117695136902329,00:50:56
2447,0.6119281045751634,00:51:01
2448,0.6116782360146998,00:51:03
2449,0.6118367346938776,00:51:07
2450,0.6119951040391677,00:51:11
2451,0.6121533442088092,00:51:16
2452,0.6123114553607827,00:51:20
2453,0.6120619396903015,00:51:23
2454,0.6122199592668024,00:51:28
2455,0.6123778501628665,00:51:33
2456,0.6125356125356125,00:51:38
2457,0.6126932465419039,00:51:43
2458,0.6124440829605531,00:51:46
2459,0.6126016260162601,00:51:50
2460,0.612352702153596,00:51:56
2461,0.6125101543460602,00:52:00
2462,0.6122614697523345,00:52:05
2463,0.6124188311688312,00:52:10
2464,0.6121703853955375,00:52:14
2465,0.6123276561232766,00:52:18
2466,0.612484799351439,00:52:24
2467,0.6122366288492707,00:52:28
2468,0.6123936816524909,00:52:33
2469,0.6121457489878542,00:52:38
2470,0.6123027114528531,00:52:44
2471,0.6124595469255664,00:52:47
2472,0.6122118883946623,00:52:51
2473,0.6119644300727567,00:52:53
2474,0.6117171717171718,00:52:57
2475,0.6118739903069467,00:53:01
2476,0.6120306822769479,00:53:06
2477,0.6121872477804681,00:53:10
2478,0.6123436869705526,00:53:14
2479,0.6125,00:53:19
2480,0.6126561870213624,00:53:24
2481,0.612812248186946,00:53:29
2482,0.612565445026178,00:53:34
2483,0.6123188405797102,00:53:38
2484,0.6124748490945674,00:53:42
2485,0.6126307320997586,00:53:46
2486,0.6127864897466827,00:53:51
2487,0.612540192926045,00:53:55
2488,0.6126958617918843,00:54:00
2489,0.6124497991967871,00:54:03
2490,0.6126053793657166,00:54:07
2491,0.6123595505617978,00:54:12
2492,0.6121139189731247,00:54:16
2493,0.6118684843624699,00:54:20
2494,0.6116232464929859,00:54:23
2495,0.6113782051282052,00:54:27
2496,0.6115338406087305,00:54:34
2497,0.611689351481185,00:54:37
2498,0.611844737895158,00:54:42
2499,0.612,00:54:47
2500,0.6121551379448221,00:54:52
2501,0.6123101518784972,00:54:57
2502,0.6124650419496604,00:55:01
2503,0.6126198083067093,00:55:07
2504,0.6127744510978044,00:55:11
2505,0.6125299281723863,00:55:14
2506,0.6126844834463502,00:55:17
2507,0.6128389154704944,00:55:22
2508,0.6129932243921882,00:55:27
2509,0.6131474103585658,00:55:33
2510,0.6133014735165273,00:55:38
2511,0.6130573248407644,00:55:43
2512,0.6132113012335854,00:55:47
2513,0.6133651551312649,00:55:52
2514,0.6135188866799205,00:55:55
2515,0.6136724960254372,00:56:01
2516,0.6138259833134684,00:56:05
2517,0.613582208101668,00:56:09
2518,0.6133386264390631,00:56:13
2519,0.6134920634920635,00:56:17
2520,0.6136453788179294,00:56:20
2521,0.6134020618556701,00:56:24
2522,0.6135552913198573,00:56:28
2523,0.6137083993660856,00:56:32
2524,0.6138613861386139,00:56:37
2525,0.613618368962787,00:56:40
2526,0.6137712702809656,00:56:47
2527,0.6135284810126582,00:56:52
2528,0.6136812969553183,00:56:57
2529,0.6138339920948617,00:57:01
2530,0.6139865665744765,00:57:06
2531,0.6141390205371248,00:57:11
2532,0.6142913541255428,00:57:16
2533,0.6144435674822415,00:57:21
2534,0.6145956607495069,00:57:25
2535,0.6143533123028391,00:57:30
2536,0.6145053212455657,00:57:35
2537,0.6146572104018913,00:57:38
2538,0.6148089799133517,00:57:43
2539,0.6149606299212599,00:57:47
2540,0.615112160566706,00:57:51
2541,0.6152635719905586,00:57:55
2542,0.6154148643334644,00:57:59
2543,0.6155660377358491,00:58:05
2544,0.6157170923379175,00:58:08
2545,0.6154752553024352,00:58:13
2546,0.6156262269336474,00:58:18
2547,0.6153846153846154,00:58:22
2548,0.6151431934091801,00:58:26
2549,0.6152941176470588,00:58:31
2550,0.6154449235593885,00:58:35
2551,0.6152037617554859,00:58:38
2552,0.6153544849197023,00:58:43
2553,0.615505090054816,00:58:47
2554,0.6156555772994129,00:58:52
2555,0.6158059467918623,00:58:57
2556,0.6159561986703168,00:59:01
2557,0.616106333072713,00:59:06
2558,0.6162563501367722,00:59:10
2559,0.616015625,00:59:14
2560,0.6157750878563061,00:59:18
2561,0.6159250585480094,00:59:23
2562,0.6160749122122513,00:59:27
2563,0.6162246489859594,00:59:33
2564,0.6159844054580896,00:59:36
2565,0.6157443491816056,00:59:40
2566,0.6158940397350994,00:59:45
2567,0.6160436137071651,00:59:49
2568,0.6158038147138964,00:59:53
2569,0.6159533073929961,00:59:59
2570,0.6161026837806302,01:00:04
2571,0.6162519440124417,01:00:08
2572,0.6160124368441507,01:00:12
2573,0.6161616161616161,01:00:16
2574,0.6163106796116505,01:00:21
2575,0.6164596273291926,01:00:26
2576,0.6166084594489717,01:00:31
2577,0.6163692785104732,01:00:34
2578,0.6161302830554478,01:00:36
2579,0.6162790697674418,01:00:42
2580,0.616427741185587,01:00:45
2581,0.6161890007745934,01:00:48
2582,0.616337591947348,01:00:52
2583,0.6164860681114551,01:00:58
2584,0.6166344294003868,01:01:02
2585,0.6163959783449343,01:01:07
2586,0.6161577116350986,01:01:12
2587,0.616306027820711,01:01:15
2588,0.6164542294322132,01:01:20
2589,0.6166023166023166,01:01:24
2590,0.6163643380934002,01:01:26
2591,0.6161265432098766,01:01:31
2592,0.6162745854222907,01:01:35
2593,0.6160370084811102,01:01:41
2594,0.6161849710982659,01:01:47
2595,0.6159476117103235,01:01:52
2596,0.6157104351174432,01:01:55
2597,0.6154734411085451,01:01:59
2598,0.6156213928434013,01:02:04
2599,0.6153846153846154,01:02:10
2600,0.6155324875048058,01:02:15
2601,0.6152959262106072,01:02:19
2602,0.6150595466769112,01:02:23
2603,0.6152073732718893,01:02:29
2604,0.6153550863723608,01:02:34
2605,0.6155026861089793,01:02:37
2606,0.6152665899501343,01:02:41
2607,0.6154141104294478,01:02:46
2608,0.6151782292065926,01:02:49
2609,0.6153256704980843,01:02:54
2610,0.6154729988510149,01:02:59
2611,0.6156202143950995,01:03:04
2612,0.6157673172598546,01:03:07
2613,0.6159143075745983,01:03:11
2614,0.6160611854684512,01:03:17
2615,0.6162079510703364,01:03:20
2616,0.6159724875811998,01:03:23
2617,0.6157372039724981,01:03:29
2618,0.6158839251622756,01:03:32
2619,0.6160305343511451,01:03:39
2620,0.6161770316673025,01:03:44
2621,0.6163234172387491,01:03:48
2622,0.6164696911932901,01:03:52
2623,0.6166158536585366,01:03:56
2624,0.6167619047619047,01:04:01
2625,0.6169078446306169,01:04:06
2626,0.6170536733917016,01:04:10
2627,0.6168188736681888,01:04:15
2628,0.6169646253328261,01:04:19
2629,0.6171102661596958,01:04:25
2630,0.6172557962751806,01:04:30
2631,0.6170212765957447,01:04:35
2632,0.6167869350550702,01:04:40
2633,0.6165527714502658,01:04:45
2634,0.6163187855787476,01:04:51
2635,0.616464339908953,01:04:56
2636,0.6162305650360258,01:05:00
2637,0.6163760424564063,01:05:04
2638,0.6161424782114437,01:05:07
2639,0.6162878787878788,01:05:11
2640,0.6164331692540704,01:05:17
2641,0.6165783497350492,01:05:20
2642,0.6167234203556564,01:05:25
2643,0.6164901664145235,01:05:29
2644,0.6166351606805293,01:05:34
2645,0.6164021164021164,01:05:39
2646,0.6165470343785417,01:05:44
2647,0.6166918429003021,01:05:48
2648,0.6168365420913552,01:05:53
2649,0.6166037735849057,01:05:58
2650,0.6167483968313844,01:06:03
2651,0.6168929110105581,01:06:09
2652,0.6170373162457595,01:06:15
2653,0.6171816126601356,01:06:19
2654,0.6173258003766479,01:06:26
2655,0.6170933734939759,01:06:29
2656,0.617237485886338,01:06:34
2657,0.617005267118134,01:06:38
2658,0.6171493042497179,01:06:44
2659,0.6172932330827068,01:06:50
2660,0.6170612551672303,01:06:55
2661,0.6168294515401953,01:07:01
2662,0.6169733383402178,01:07:08
2663,0.6167417417417418,01:07:13
2664,0.6165103189493434,01:07:18
2665,0.6166541635408852,01:07:24
2666,0.6167979002624672,01:07:27
2667,0.6169415292353823,01:07:33
2668,0.6170850505807418,01:07:39
2669,0.6172284644194757,01:07:44
2670,0.6169973792587046,01:07:48
2671,0.6167664670658682,01:07:53
2672,0.6169098391320613,01:07:57
2673,0.6170531039640987,01:08:04
2674,0.617196261682243,01:08:08
2675,0.617339312406577,01:08:12
2676,0.6174822562570041,01:08:16
2677,0.6172516803584764,01:08:22
2678,0.6170212765957447,01:08:26
2679,0.6171641791044776,01:08:32
2680,0.6169339798582618,01:08:36
2681,0.6170768083519761,01:08:40
2682,0.616846813268729,01:08:44
2683,0.61698956780924,01:08:48
2684,0.6171322160148975,01:08:52
2685,0.6172747580044676,01:08:57
2686,0.6174171938965389,01:09:02
2687,0.6171875,01:09:05
2688,0.6169579769431015,01:09:10
2689,0.6171003717472119,01:09:14
2690,0.6172426607209216,01:09:18
2691,0.6173848439821694,01:09:24
2692,0.6175269216487189,01:09:30
2693,0.617297698589458,01:09:33
2694,0.6174397031539889,01:09:39
2695,0.6175816023738873,01:09:43
2696,0.617723396366333,01:09:47
2697,0.6174944403261675,01:09:52
2698,0.6176361615413116,01:09:58
2699,0.6174074074074074,01:10:02
2700,0.6171788226582747,01:10:06
2701,0.6173205033308661,01:10:10
2702,0.6174620791712911,01:10:14
2703,0.617603550295858,01:10:19
2704,0.6177449168207024,01:10:23
2705,0.6175166297117517,01:10:26
2706,0.6172885112670853,01:10:31
2707,0.6174298375184638,01:10:35
2708,0.6175710594315246,01:10:40
2709,0.6173431734317343,01:10:45
2710,0.6171154555514571,01:10:49
2711,0.6172566371681416,01:10:54
2712,0.6170291190563951,01:10:59
2713,0.6168017686072218,01:11:03
2714,0.6169429097605893,01:11:10
2715,0.6170839469808542,01:11:15
2716,0.6172248803827751,01:11:21
2717,0.6173657100809419,01:11:26
2718,0.6171386539168812,01:11:31
2719,0.6169117647058824,01:11:34
2720,0.6170525542080117,01:11:39
2721,0.6171932402645114,01:11:45
2722,0.61733382298935,01:11:49
2723,0.617474302496329,01:11:54
2724,0.6176146788990826,01:12:00
2725,0.6177549523110785,01:12:05
2726,0.6178951228456179,01:12:10
2727,0.6180351906158358,01:12:14
2728,0.6178087211432759,01:12:17
2729,0.617948717948718,01:12:20
2730,0.6180886122299524,01:12:25
2731,0.6178623718887262,01:12:29
2732,0.6176362971094036,01:12:33
2733,0.6174103877103145,01:12:37
2734,0.6171846435100549,01:12:42
2735,0.6169590643274854,01:12:44
2736,0.6170990135184509,01:12:50
2737,0.6168736303871439,01:12:54
2738,0.6170135085797737,01:12:58
2739,0.6171532846715329,01:13:03
2740,0.61729295877417,01:13:08
2741,0.6174325309992706,01:13:11
2742,0.6172074371126504,01:13:16
2743,0.6169825072886297,01:13:21
2744,0.6171220400728598,01:13:25
2745,0.616897305171158,01:13:29
2746,0.616672733891518,01:13:34
2747,0.616448326055313,01:13:39
2748,0.6162240814841761,01:13:44
2749,0.6163636363636363,01:13:50
2750,0.6165030897855326,01:13:55
2751,0.6166424418604651,01:14:01
2752,0.616781692698874,01:14:05
2753,0.6169208424110385,01:14:12
2754,0.617059891107078,01:14:15
2755,0.6171988388969522,01:14:20
2756,0.6169749727965179,01:14:21
2757,0.616751269035533,01:14:25
2758,0.61689017760058,01:14:31
2759,0.6170289855072464,01:14:36
2760,0.6168055052517204,01:14:40
2761,0.6165821868211441,01:14:44
2762,0.6167209554831705,01:14:49
2763,0.6164978292329957,01:14:53
2764,0.6166365280289331,01:14:58
2765,0.6167751265365148,01:15:05
2766,0.6169136248644742,01:15:09
2767,0.6170520231213873,01:15:14
2768,0.6171903214156735,01:15:18
2769,0.6169675090252708,01:15:24
2770,0.6167448574521833,01:15:28
2771,0.6168831168831169,01:15:32
2772,0.6170212765957447,01:15:35
2773,0.6171593366979091,01:15:40
2774,0.616936936936937,01:15:44
2775,0.6170749279538905,01:15:50
2776,0.617212819589485,01:15:55
2777,0.6173506119510439,01:15:59
2778,0.6174883051457358,01:16:04
2779,0.6172661870503597,01:16:08
2780,0.6174038115785688,01:16:12
2781,0.6175413371675054,01:16:18
2782,0.6176787639238233,01:16:23
2783,0.617816091954023,01:16:27
2784,0.6179533213644525,01:16:32
2785,0.6177315147164394,01:16:35
2786,0.6175098672407606,01:16:39
2787,0.6172883787661406,01:16:42
2788,0.6174256005736823,01:16:47
2789,0.6175627240143369,01:16:50
2790,0.6176997491938373,01:16:54
2791,0.6178366762177651,01:17:00
2792,0.6179735051915503,01:17:04
2793,0.6177523264137438,01:17:08
2794,0.6175313059033989,01:17:13
2795,0.6176680972818311,01:17:16
2796,0.6178047908473364,01:17:21
2797,0.6175839885632595,01:17:27
2798,0.617363344051447,01:17:30
2799,0.6171428571428571,01:17:35
2800,0.6169225276686897,01:17:41
2801,0.6170592433975731,01:17:47
2802,0.6171958615768819,01:17:53
2803,0.6169757489300999,01:17:56
2804,0.6171122994652406,01:18:02
2805,0.617248752672844,01:18:08
2806,0.6173851086569291,01:18:14
2807,0.6175213675213675,01:18:19
2808,0.6173015307938768,01:18:23
2809,0.6170818505338078,01:18:27
2810,0.6172180718605479,01:18:32
2811,0.6169985775248933,01:18:37
2812,0.6171347316032705,01:18:43
2813,0.6172707889125799,01:18:48
2814,0.6170515097690942,01:18:53
2815,0.6171875,01:18:58
2816,0.6173233936812211,01:19:02
2817,0.6171043293115684,01:19:07
2818,0.6172401560837176,01:19:12
2819,0.6170212765957447,01:19:16
2820,0.6168025522864232,01:19:21
2821,0.6169383416017009,01:19:25
2822,0.6167198016294722,01:19:30
2823,0.6165014164305949,01:19:35
2824,0.616637168141593,01:19:40
2825,0.6164189667374381,01:19:42
2826,0.6165546515741068,01:19:46
2827,0.6166902404526167,01:19:52
2828,0.616825733474726,01:19:56
2829,0.6169611307420495,01:20:00
2830,0.6170964323560579,01:20:03
2831,0.617231638418079,01:20:07
2832,0.6173667490292976,01:20:13
2833,0.6175017642907551,01:20:18
2834,0.6172839506172839,01:20:21
2835,0.6170662905500706,01:20:27
2836,0.6168487839266831,01:20:31
2837,0.616631430584919,01:20:35
2838,0.6167664670658682,01:20:40
2839,0.6165492957746479,01:20:45
2840,0.6163322773671243,01:20:49
2841,0.6164672765657987,01:20:54
2842,0.6166021807949349,01:20:59
2843,0.6163853727144867,01:21:04
2844,0.6161687170474517,01:21:08
2845,0.6163035839775123,01:21:12
2846,0.6160871092377942,01:21:16
2847,0.6158707865168539,01:21:18
2848,0.616005616005616,01:21:23
2849,0.616140350877193,01:21:27
2850,0.6162749912311469,01:21:32
2851,0.6160589060308556,01:21:38
2852,0.6158429723098493,01:21:43
2853,0.6159775753328661,01:21:48
2854,0.6161120840630473,01:21:54
2855,0.6162464985994398,01:21:58
2856,0.6163808190409521,01:22:03
2857,0.6161651504548635,01:22:06
2858,0.6162994053864987,01:22:11
2859,0.6164335664335664,01:22:14
2860,0.6165676336945124,01:22:19
2861,0.6163522012578616,01:22:23
2862,0.6164862032832693,01:22:29
2863,0.6166201117318436,01:22:34
2864,0.6167539267015707,01:22:39
2865,0.6165387299371947,01:22:43
2866,0.6166724799441925,01:22:49
2867,0.6168061366806137,01:22:55
2868,0.6169397002439875,01:22:58
2869,0.6170731707317073,01:23:01
2870,0.6168582375478927,01:23:04
2871,0.616991643454039,01:23:09
2872,0.6171249564914724,01:23:14
2873,0.6172581767571329,01:23:20
2874,0.6173913043478261,01:23:24
2875,0.6175243393602226,01:23:27
2876,0.6176572818908586,01:23:33
2877,0.6174426685198054,01:23:38
2878,0.6175755470649531,01:23:43
2879,0.6173611111111111,01:23:47
2880,0.617493925720236,01:23:52
2881,0.6172796668979875,01:23:57
2882,0.6174124176205341,01:24:02
2883,0.6171983356449375,01:24:06
2884,0.6173310225303293,01:24:10
2885,0.6174636174636174,01:24:14
2886,0.6175961205403533,01:24:20
2887,0.6177285318559557,01:24:25
2888,0.6178608515057114,01:24:30
2889,0.6179930795847751,01:24:36
2890,0.6181252161881702,01:24:41
2891,0.6182572614107884,01:24:46
2892,0.6183892153473902,01:24:51
2893,0.6185210780926054,01:24:56
2894,0.6186528497409326,01:25:01
2895,0.618439226519337,01:25:05
2896,0.618570935450466,01:25:09
2897,0.6183574879227053,01:25:13
2898,0.6184891341842015,01:25:17
2899,0.6186206896551724,01:25:22
2900,0.618752154429507,01:25:27
2901,0.6188835286009648,01:25:31
2902,0.6186703410265243,01:25:35
2903,0.6184573002754821,01:25:40
2904,0.6185886402753873,01:25:44
2905,0.6183757742601514,01:25:49
2906,0.6185070519435845,01:25:53
2907,0.6186382393397524,01:26:00
2908,0.6187693365417669,01:26:05
2909,0.6189003436426117,01:26:11
2910,0.6190312607351426,01:26:15
2911,0.6188186813186813,01:26:20
2912,0.6186062478544456,01:26:25
2913,0.6187371310912835,01:26:30
2914,0.6188679245283019,01:26:35
2915,0.6186556927297668,01:26:40
2916,0.618786424408639,01:26:46
2917,0.6189170664838931,01:26:52
2918,0.6190476190476191,01:26:56
2919,0.6188356164383562,01:27:02
2920,0.6186237589866485,01:27:06
2921,0.6187542778918549,01:27:11
2922,0.6188847074923024,01:27:16
2923,0.6186730506155951,01:27:20
2924,0.6184615384615385,01:27:24
2925,0.618591934381408,01:27:30
2926,0.6183805944653229,01:27:35
2927,0.6185109289617486,01:27:40
2928,0.6186411744622738,01:27:45
2929,0.6184300341296929,01:27:50
2930,0.6185602183555101,01:27:54
2931,0.6186903137789904,01:27:59
2932,0.6188203204909649,01:28:05
2933,0.6189502385821404,01:28:08
2934,0.6190800681431005,01:28:13
2935,0.6192098092643051,01:28:18
2936,0.6189989785495403,01:28:22
2937,0.6191286589516678,01:28:28
2938,0.6192582511058183,01:28:31
2939,0.6190476190476191,01:28:35
2940,0.6188371302278136,01:28:40
2941,0.6189666893269884,01:28:44
2942,0.619096160380564,01:28:49
2943,0.6192255434782609,01:28:56
2944,0.6193548387096774,01:29:01
2945,0.6194840461642905,01:29:07
2946,0.6196131659314558,01:29:13
2947,0.6197421981004071,01:29:17
2948,0.6195320447609359,01:29:21
2949,0.6196610169491525,01:29:26
2950,0.6194510335479498,01:29:30
2951,0.619579945799458,01:29:37
2952,0.6197087707416187,01:29:42
2953,0.6194989844278944,01:29:45
2954,0.6192893401015228,01:29:50
2955,0.6190798376184032,01:29:56
2956,0.619208657423064,01:30:00
2957,0.6193373901284652,01:30:06
2958,0.6191280838120987,01:30:11
2959,0.6192567567567567,01:30:17
2960,0.6193853427895981,01:30:23
2961,0.6195138419986496,01:30:29
2962,0.6196422544718191,01:30:33
2963,0.6197705802968961,01:30:39
2964,0.6198988195615515,01:30:44
2965,0.6200269723533378,01:30:48
2966,0.6201550387596899,01:30:54
2967,0.6202830188679245,01:30:59
2968,0.6204109127652409,01:31:04
2969,0.6202020202020202,01:31:10
2970,0.6203298552675867,01:31:13
2971,0.620457604306864,01:31:18
2972,0.6202489068281197,01:31:23
2973,0.6200403496973773,01:31:27
2974,0.6198319327731092,01:31:31
2975,0.6199596774193549,01:31:35
2976,0.6200873362445415,01:31:40
2977,0.6202149093351242,01:31:44
2978,0.6203423967774421,01:31:50
2979,0.6201342281879194,01:31:55
2980,0.6199261992619927,01:31:59
2981,0.6200536552649228,01:32:03
2982,0.619845792826014,01:32:08
2983,0.6199731903485255,01:32:13
2984,0.6197654941373534,01:32:17
2985,0.6195579370395178,01:32:23
2986,0.6193505189152997,01:32:29
2987,0.6194779116465864,01:32:33
2988,0.6192706590833055,01:32:37
2989,0.6193979933110368,01:32:41
2990,0.6191909060514877,01:32:46
2991,0.6189839572192514,01:32:52
2992,0.6187771466755764,01:32:57
2993,0.6185704742818972,01:33:03
2994,0.6186978297161937,01:33:09
2995,0.6184913217623498,01:33:14
2996,0.618284951618285,01:33:16
2997,0.6180787191460974,01:33:21
2998,0.6182060686895632,01:33:27
2999,0.6183333333333333,01:33:31
3000,0.6184605131622792,01:33:36
3001,0.6182544970019986,01:33:42
3002,0.6183816183816184,01:33:46
3003,0.6181757656458056,01:33:50
3004,0.6183028286189683,01:33:55
3005,0.6184298070525616,01:33:59
3006,0.6185567010309279,01:34:03
3007,0.6183510638297872,01:34:09
3008,0.61847789963443,01:34:14
3009,0.6186046511627907,01:34:18
3010,0.6187313184988376,01:34:23
3011,0.6188579017264276,01:34:27
3012,0.6189844009293063,01:34:32
3013,0.6191108161911082,01:34:36
3014,0.618905472636816,01:34:41
3015,0.6187002652519894,01:34:46
3016,0.618826648989062,01:34:50
3017,0.6189529489728297,01:34:55
3018,0.6190791652865187,01:35:00
3019,0.6188741721854305,01:35:03
3020,0.6190003310162198,01:35:09
3021,0.6187954996690933,01:35:15
3022,0.6185908038372477,01:35:19
3023,0.6183862433862434,01:35:23
3024,0.6185123966942149,01:35:28
3025,0.6183079973562459,01:35:33
3026,0.6184340931615461,01:35:38
3027,0.618560105680317,01:35:44
3028,0.6183558930340046,01:35:49
3029,0.6184818481848184,01:35:53
3030,0.6186077202243484,01:35:57
3031,0.6187335092348285,01:36:02
3032,0.6188592152983844,01:36:06
3033,0.6189848384970337,01:36:12
3034,0.6191103789126854,01:36:17
3035,0.6189064558629777,01:36:22
3036,0.6187026671056964,01:36:27
3037,0.6184990125082291,01:36:32
3038,0.6186245475485357,01:36:36
3039,0.61875,01:36:41
3040,0.6185465307464649,01:36:46
3041,0.6186719263642341,01:36:49
3042,0.6187972395662176,01:36:54
3043,0.6189224704336399,01:36:56
